2026-10-07T10:32:43.3792372Z Current runner version: '2.337.0'
2026-10-07T10:32:43.3817447Z ##[group]Runner Image Provisioner
2026-10-07T10:32:43.3818340Z Hosted Compute Agent
2026-10-07T10:32:43.3819383Z Version: 20260901.588
2026-10-07T10:32:43.3820112Z Commit: f88ec8081b781fac6c440065ac7ff9e710ce3d0b
2026-10-07T10:32:43.3820930Z Build Date: 2026-09-01T19:56:44Z
2026-10-07T10:32:43.3821660Z Worker ID: {2db1a308-7656-4674-91c3-4088d5e8b30f}
2026-10-07T10:32:43.3822475Z Azure Region: westcentralus
2026-10-07T10:32:43.3823170Z ##[endgroup]
2026-10-07T10:32:43.3824539Z ##[group]Operating System
2026-10-07T10:32:43.3825243Z Ubuntu
2026-10-07T10:32:43.3825813Z 24.04.5
2026-10-07T10:32:43.3826388Z LTS
2026-10-07T10:32:43.3826978Z ##[endgroup]
2026-10-07T10:32:43.3827595Z ##[group]Runner Image
2026-10-07T10:32:43.3828256Z Image: ubuntu-24.04
2026-10-07T10:32:43.3828897Z Version: 20260927.320.1
2026-10-07T10:32:43.3830399Z Included Software: https://github.com/actions/runner-images/blob/ubuntu24/20260927.320/images/ubuntu/Ubuntu2404-Readme.md
2026-10-07T10:32:43.3832296Z Image Release: https://github.com/actions/runner-images/releases/tag/ubuntu24%2F20260927.320
2026-10-07T10:32:43.3833888Z ##[endgroup]
2026-10-07T10:32:43.3835066Z ##[group]GITHUB_TOKEN Permissions
2026-10-07T10:32:43.3837188Z Contents: read
2026-10-07T10:32:43.3837820Z Metadata: read
2026-10-07T10:32:43.3838431Z ##[endgroup]
2026-10-07T10:32:43.3841048Z Secret source: Actions
2026-10-07T10:32:43.3842087Z Cache mode: write
2026-10-07T10:32:43.3843263Z Prepare workflow directory
2026-10-07T10:32:43.4277940Z Prepare all required actions
2026-10-07T10:32:43.4325626Z Getting action download info
2026-10-07T10:32:43.7213558Z Download action repository 'actions/checkout@v4' (SHA:11d5960a326750d5838078e36cf38b85af677262)
2026-10-07T10:32:43.8202663Z Download action repository 'actions/setup-node@v4' (SHA:49933ea5288caeca8642d1e84afbd3f7d6820020)
2026-10-07T10:32:43.9245899Z Download action repository 'actions/upload-artifact@v4' (SHA:ea165f8d65b6e75b540449e92b4886f43607fa02)
2026-10-07T10:32:44.1367303Z Complete job name: browser
2026-10-07T10:32:44.1907637Z ##[group]Checking docker version
2026-10-07T10:32:44.1920947Z ##[command]/usr/bin/docker version --format '{{.Server.APIVersion}}'
2026-10-07T10:32:44.2544911Z '1.48'
2026-10-07T10:32:44.2559720Z Docker daemon API version: '1.48'
2026-10-07T10:32:44.2560521Z ##[command]/usr/bin/docker version --format '{{.Client.APIVersion}}'
2026-10-07T10:32:44.2726401Z '1.48'
2026-10-07T10:32:44.2740235Z Docker client API version: '1.48'
2026-10-07T10:32:44.2745452Z ##[endgroup]
2026-10-07T10:32:44.2747835Z ##[group]Clean up resources from previous jobs
2026-10-07T10:32:44.2754005Z ##[command]/usr/bin/docker ps --all --quiet --no-trunc --filter "label=d8ea61"
2026-10-07T10:32:44.2900033Z ##[command]/usr/bin/docker network prune --force --filter "label=d8ea61"
2026-10-07T10:32:44.3031783Z ##[endgroup]
2026-10-07T10:32:44.3032308Z ##[group]Create local container network
2026-10-07T10:32:44.3042288Z ##[command]/usr/bin/docker network create --label d8ea61 github_network_df526188d1fc49a1b3e092ece5777838
2026-10-07T10:32:44.3553458Z 6215db028018f233a741c175234c70a133c91eb02f9fa057f156ec9d2788cba0
2026-10-07T10:32:44.3570746Z ##[endgroup]
2026-10-07T10:32:44.3593791Z ##[group]Starting postgres service container
2026-10-07T10:32:44.3615017Z ##[command]/usr/bin/docker pull postgres:16
2026-10-07T10:32:45.0340950Z 16: Pulling from library/postgres
2026-10-07T10:32:45.2328113Z ecc510c1e359: Pulling fs layer
2026-10-07T10:32:45.2329662Z 79faf13a8736: Pulling fs layer
2026-10-07T10:32:45.2330560Z 6456bfbf35e7: Pulling fs layer
2026-10-07T10:32:45.2331436Z b353db459ed1: Pulling fs layer
2026-10-07T10:32:45.2332346Z 99f49de4fe2b: Pulling fs layer
2026-10-07T10:32:45.2333298Z 83d1a2a3917c: Pulling fs layer
2026-10-07T10:32:45.2334187Z 715ea0948cb1: Pulling fs layer
2026-10-07T10:32:45.2335047Z 486e8305f56f: Pulling fs layer
2026-10-07T10:32:45.2335904Z e7d675f11ded: Pulling fs layer
2026-10-07T10:32:45.2336792Z c49864c27f35: Pulling fs layer
2026-10-07T10:32:45.2337640Z 770ef8b308ea: Pulling fs layer
2026-10-07T10:32:45.2338911Z 50c25daa0302: Pulling fs layer
2026-10-07T10:32:45.2339985Z 8309db3ae5b6: Pulling fs layer
2026-10-07T10:32:45.2341017Z 9731e27f2541: Pulling fs layer
2026-10-07T10:32:45.2341931Z b353db459ed1: Waiting
2026-10-07T10:32:45.2342836Z 99f49de4fe2b: Waiting
2026-10-07T10:32:45.2343743Z 83d1a2a3917c: Waiting
2026-10-07T10:32:45.2344684Z 715ea0948cb1: Waiting
2026-10-07T10:32:45.2345445Z 486e8305f56f: Waiting
2026-10-07T10:32:45.2346190Z e7d675f11ded: Waiting
2026-10-07T10:32:45.2346941Z c49864c27f35: Waiting
2026-10-07T10:32:45.2347796Z 770ef8b308ea: Waiting
2026-10-07T10:32:45.2348707Z 50c25daa0302: Waiting
2026-10-07T10:32:45.2349732Z 8309db3ae5b6: Waiting
2026-10-07T10:32:45.2350687Z 9731e27f2541: Waiting
2026-10-07T10:32:45.4259469Z 79faf13a8736: Download complete
2026-10-07T10:32:45.6008640Z 6456bfbf35e7: Verifying Checksum
2026-10-07T10:32:45.7051108Z 6456bfbf35e7: Download complete
2026-10-07T10:32:45.7051823Z ecc510c1e359: Verifying Checksum
2026-10-07T10:32:45.7052990Z ecc510c1e359: Download complete
2026-10-07T10:32:45.7367714Z b353db459ed1: Verifying Checksum
2026-10-07T10:32:45.7368868Z b353db459ed1: Download complete
2026-10-07T10:32:45.9305233Z 715ea0948cb1: Verifying Checksum
2026-10-07T10:32:45.9308417Z 715ea0948cb1: Download complete
2026-10-07T10:32:45.9982165Z 99f49de4fe2b: Verifying Checksum
2026-10-07T10:32:45.9983280Z 99f49de4fe2b: Download complete
2026-10-07T10:32:46.0138530Z 83d1a2a3917c: Verifying Checksum
2026-10-07T10:32:46.0139315Z 83d1a2a3917c: Download complete
2026-10-07T10:32:46.1353512Z 486e8305f56f: Download complete
2026-10-07T10:32:46.2061874Z c49864c27f35: Verifying Checksum
2026-10-07T10:32:46.2063524Z c49864c27f35: Download complete
2026-10-07T10:32:46.3119257Z 770ef8b308ea: Verifying Checksum
2026-10-07T10:32:46.3916932Z 770ef8b308ea: Download complete
2026-10-07T10:32:46.3917533Z 50c25daa0302: Verifying Checksum
2026-10-07T10:32:46.3918492Z 50c25daa0302: Download complete
2026-10-07T10:32:46.5024263Z 8309db3ae5b6: Verifying Checksum
2026-10-07T10:32:46.5025321Z 8309db3ae5b6: Download complete
2026-10-07T10:32:46.5818124Z 9731e27f2541: Verifying Checksum
2026-10-07T10:32:46.5818750Z 9731e27f2541: Download complete
2026-10-07T10:32:46.7199604Z e7d675f11ded: Verifying Checksum
2026-10-07T10:32:46.7603848Z e7d675f11ded: Download complete
2026-10-07T10:32:46.7604443Z ecc510c1e359: Pull complete
2026-10-07T10:32:47.0586772Z 79faf13a8736: Pull complete
2026-10-07T10:32:47.2304765Z 6456bfbf35e7: Pull complete
2026-10-07T10:32:47.2666860Z b353db459ed1: Pull complete
2026-10-07T10:32:47.5637318Z 99f49de4fe2b: Pull complete
2026-10-07T10:32:47.6363003Z 83d1a2a3917c: Pull complete
2026-10-07T10:32:47.6429726Z 715ea0948cb1: Pull complete
2026-10-07T10:32:47.6517543Z 486e8305f56f: Pull complete
2026-10-07T10:32:50.6850894Z e7d675f11ded: Pull complete
2026-10-07T10:32:50.6969980Z c49864c27f35: Pull complete
2026-10-07T10:32:50.7071318Z 770ef8b308ea: Pull complete
2026-10-07T10:32:50.7146393Z 50c25daa0302: Pull complete
2026-10-07T10:32:50.7219365Z 8309db3ae5b6: Pull complete
2026-10-07T10:32:50.7290479Z 9731e27f2541: Pull complete
2026-10-07T10:32:50.7325425Z Digest: sha256:65b16a8b326e0cfbdf33fa7e783f2a0cb352a61448616ccccfd616ef42aa0f65
2026-10-07T10:32:50.7336117Z Status: Downloaded newer image for postgres:16
2026-10-07T10:32:50.7361919Z docker.io/library/postgres:16
2026-10-07T10:32:50.7423745Z ##[command]/usr/bin/docker create --name e29192ce25fe4df9ac48691fe72b0745_postgres16_f2dca3 --label d8ea61 --network github_network_df526188d1fc49a1b3e092ece5777838 --network-alias postgres -p 5432:5432 --health-cmd pg_isready --health-interval 5s --health-timeout 5s --health-retries 10 -e "POSTGRES_PASSWORD=postgres" -e "POSTGRES_DB=labnest_test" -e GITHUB_ACTIONS=true -e CI=true postgres:16
2026-10-07T10:32:50.7665634Z e595d1b8fc82b6e4f54ea907c634d1ecfae3546cd4bb952cfb80c5d35e668d48
2026-10-07T10:32:50.7687806Z ##[command]/usr/bin/docker start e595d1b8fc82b6e4f54ea907c634d1ecfae3546cd4bb952cfb80c5d35e668d48
2026-10-07T10:32:50.9807555Z e595d1b8fc82b6e4f54ea907c634d1ecfae3546cd4bb952cfb80c5d35e668d48
2026-10-07T10:32:50.9828918Z ##[command]/usr/bin/docker ps --all --filter id=e595d1b8fc82b6e4f54ea907c634d1ecfae3546cd4bb952cfb80c5d35e668d48 --filter status=running --no-trunc --format "{{.ID}} {{.Status}}"
2026-10-07T10:32:50.9990474Z e595d1b8fc82b6e4f54ea907c634d1ecfae3546cd4bb952cfb80c5d35e668d48 Up Less than a second (health: starting)
2026-10-07T10:32:51.0013548Z ##[command]/usr/bin/docker port e595d1b8fc82b6e4f54ea907c634d1ecfae3546cd4bb952cfb80c5d35e668d48
2026-10-07T10:32:51.0174151Z 5432/tcp -> 0.0.0.0:5432
2026-10-07T10:32:51.0174877Z 5432/tcp -> [::]:5432
2026-10-07T10:32:51.0230372Z ##[endgroup]
2026-10-07T10:32:51.0238370Z ##[group]Waiting for all services to be ready
2026-10-07T10:32:51.0252624Z ##[command]/usr/bin/docker inspect --format="{{if .Config.Healthcheck}}{{print .State.Health.Status}}{{end}}" e595d1b8fc82b6e4f54ea907c634d1ecfae3546cd4bb952cfb80c5d35e668d48
2026-10-07T10:32:51.0391863Z starting
2026-10-07T10:32:51.0414778Z postgres service is starting, waiting 2 seconds before checking again.
2026-10-07T10:32:53.0420438Z ##[command]/usr/bin/docker inspect --format="{{if .Config.Healthcheck}}{{print .State.Health.Status}}{{end}}" e595d1b8fc82b6e4f54ea907c634d1ecfae3546cd4bb952cfb80c5d35e668d48
2026-10-07T10:32:53.0547639Z starting
2026-10-07T10:32:53.0560980Z postgres service is starting, waiting 4 seconds before checking again.
2026-10-07T10:32:57.3489916Z ##[command]/usr/bin/docker inspect --format="{{if .Config.Healthcheck}}{{print .State.Health.Status}}{{end}}" e595d1b8fc82b6e4f54ea907c634d1ecfae3546cd4bb952cfb80c5d35e668d48
2026-10-07T10:32:57.3617686Z healthy
2026-10-07T10:32:57.3638430Z postgres service is healthy.
2026-10-07T10:32:57.3639498Z ##[endgroup]
2026-10-07T10:32:57.3934785Z ##[group]Run actions/checkout@v4
2026-10-07T10:32:57.3935295Z with:
2026-10-07T10:32:57.3935520Z   repository: annayzhu/LabNest
2026-10-07T10:32:57.3938316Z   token: ***
2026-10-07T10:32:57.3938546Z   ssh-strict: true
2026-10-07T10:32:57.3938768Z   ssh-user: git
2026-10-07T10:32:57.3939186Z   persist-credentials: true
2026-10-07T10:32:57.3939459Z   clean: true
2026-10-07T10:32:57.3939683Z   sparse-checkout-cone-mode: true
2026-10-07T10:32:57.3939947Z   fetch-depth: 1
2026-10-07T10:32:57.3940154Z   fetch-tags: false
2026-10-07T10:32:57.3940366Z   show-progress: true
2026-10-07T10:32:57.3940578Z   lfs: false
2026-10-07T10:32:57.3940768Z   submodules: false
2026-10-07T10:32:57.3940974Z   set-safe-directory: true
2026-10-07T10:32:57.3941222Z   allow-unsafe-pr-checkout: false
2026-10-07T10:32:57.3941911Z env:
2026-10-07T10:32:57.3942113Z   TZ: Asia/Shanghai
2026-10-07T10:32:57.3942606Z   DATABASE_URL: ***localhost:5432/labnest_test
2026-10-07T10:32:57.3943002Z   LABNEST_BUILD_DIR: .next/calculator-production
2026-10-07T10:32:57.3943349Z   LABNEST_TSCONFIG_PATH: tsconfig.calculator.json
2026-10-07T10:32:57.3943693Z   LABNEST_E2E_BASE_URL: http://localhost:3221
2026-10-07T10:32:57.3943981Z ##[endgroup]
2026-10-07T10:32:57.4975561Z Syncing repository: annayzhu/LabNest
2026-10-07T10:32:57.4977525Z ##[group]Getting Git version info
2026-10-07T10:32:57.4978088Z Working directory is '/home/runner/work/LabNest/LabNest'
2026-10-07T10:32:57.4978931Z [command]/usr/bin/git version
2026-10-07T10:32:57.5021392Z git version 2.55.0
2026-10-07T10:32:57.5043010Z ##[endgroup]
2026-10-07T10:32:57.5058056Z Temporarily overriding HOME='/home/runner/work/_temp/b7c29c76-ca1e-43bd-b48f-fc5b72b2dbaa' before making global git config changes
2026-10-07T10:32:57.5059524Z Adding repository directory to the temporary git global config as a safe directory
2026-10-07T10:32:57.5064763Z [command]/usr/bin/git config --global --add safe.directory /home/runner/work/LabNest/LabNest
2026-10-07T10:32:57.5116745Z Deleting the contents of '/home/runner/work/LabNest/LabNest'
2026-10-07T10:32:57.5120869Z ##[group]Initializing the repository
2026-10-07T10:32:57.5124852Z [command]/usr/bin/git init /home/runner/work/LabNest/LabNest
2026-10-07T10:32:57.5207085Z hint: Using 'master' as the name for the initial branch. This default branch name
2026-10-07T10:32:57.5208548Z hint: will change to "main" in Git 3.0. To configure the initial branch name
2026-10-07T10:32:57.5209913Z hint: to use in all of your new repositories, which will suppress this warning,
2026-10-07T10:32:57.5210795Z hint: call:
2026-10-07T10:32:57.5211275Z hint:
2026-10-07T10:32:57.5211930Z hint: 	git config --global init.defaultBranch <name>
2026-10-07T10:32:57.5212632Z hint:
2026-10-07T10:32:57.5213307Z hint: Names commonly chosen instead of 'master' are 'main', 'trunk' and
2026-10-07T10:32:57.5214325Z hint: 'development'. The just-created branch can be renamed via this command:
2026-10-07T10:32:57.5215150Z hint:
2026-10-07T10:32:57.5215649Z hint: 	git branch -m <name>
2026-10-07T10:32:57.5216223Z hint:
2026-10-07T10:32:57.5216964Z hint: Disable this message with "git config set advice.defaultBranchName false"
2026-10-07T10:32:57.5217996Z Initialized empty Git repository in /home/runner/work/LabNest/LabNest/.git/
2026-10-07T10:32:57.5221356Z [command]/usr/bin/git remote add origin https://github.com/annayzhu/LabNest
2026-10-07T10:32:57.5270129Z ##[endgroup]
2026-10-07T10:32:57.5270754Z ##[group]Disabling automatic garbage collection
2026-10-07T10:32:57.5274808Z [command]/usr/bin/git config --local gc.auto 0
2026-10-07T10:32:57.5313645Z ##[endgroup]
2026-10-07T10:32:57.5314346Z ##[group]Setting up auth
2026-10-07T10:32:57.5321992Z [command]/usr/bin/git config --local --name-only --get-regexp core\.sshCommand
2026-10-07T10:32:57.5360180Z [command]/usr/bin/git submodule foreach --recursive sh -c "git config --local --name-only --get-regexp 'core\.sshCommand' && git config --local --unset-all 'core.sshCommand' || :"
2026-10-07T10:32:57.5719681Z [command]/usr/bin/git config --local --name-only --get-regexp http\.https\:\/\/github\.com\/\.extraheader
2026-10-07T10:32:57.5763718Z [command]/usr/bin/git submodule foreach --recursive sh -c "git config --local --name-only --get-regexp 'http\.https\:\/\/github\.com\/\.extraheader' && git config --local --unset-all 'http.https://github.com/.extraheader' || :"
2026-10-07T10:32:57.6033708Z [command]/usr/bin/git config --local --name-only --get-regexp ^includeIf\.gitdir:
2026-10-07T10:32:57.6073526Z [command]/usr/bin/git submodule foreach --recursive git config --local --show-origin --name-only --get-regexp remote.origin.url
2026-10-07T10:32:57.6324454Z [command]/usr/bin/git config --local http.https://github.com/.extraheader AUTHORIZATION: basic ***
2026-10-07T10:32:57.6372251Z ##[endgroup]
2026-10-07T10:32:57.6372805Z ##[group]Fetching the repository
2026-10-07T10:32:57.6384124Z [command]/usr/bin/git -c protocol.version=2 fetch --no-tags --prune --no-recurse-submodules --depth=1 origin +93086eb8910a00d4b2dad3f6450d1278d32bbf20:refs/remotes/pull/91/merge
2026-10-07T10:33:09.7782664Z From https://github.com/annayzhu/LabNest
2026-10-07T10:33:09.7783425Z  * [new ref]         93086eb8910a00d4b2dad3f6450d1278d32bbf20 -> pull/91/merge
2026-10-07T10:33:09.7791249Z ##[endgroup]
2026-10-07T10:33:09.7791801Z ##[group]Determining the checkout info
2026-10-07T10:33:09.7794882Z ##[endgroup]
2026-10-07T10:33:09.7801572Z [command]/usr/bin/git sparse-checkout disable
2026-10-07T10:33:09.7860430Z [command]/usr/bin/git config --local --unset-all extensions.worktreeConfig
2026-10-07T10:33:09.7900243Z ##[group]Checking out the ref
2026-10-07T10:33:09.7905211Z [command]/usr/bin/git checkout --progress --force refs/remotes/pull/91/merge
2026-10-07T10:33:10.8141621Z Updating files:  41% (2689/6443)
2026-10-07T10:33:10.8282721Z Updating files:  42% (2707/6443)
2026-10-07T10:33:10.8650733Z Updating files:  43% (2771/6443)
2026-10-07T10:33:10.8867818Z Updating files:  44% (2835/6443)
2026-10-07T10:33:10.9052161Z Updating files:  45% (2900/6443)
2026-10-07T10:33:10.9216314Z Updating files:  46% (2964/6443)
2026-10-07T10:33:10.9468259Z Updating files:  47% (3029/6443)
2026-10-07T10:33:10.9637607Z Updating files:  48% (3093/6443)
2026-10-07T10:33:10.9806948Z Updating files:  49% (3158/6443)
2026-10-07T10:33:11.0132505Z Updating files:  50% (3222/6443)
2026-10-07T10:33:11.0329778Z Updating files:  51% (3286/6443)
2026-10-07T10:33:11.0710641Z Updating files:  52% (3351/6443)
2026-10-07T10:33:11.0967167Z Updating files:  53% (3415/6443)
2026-10-07T10:33:11.1167137Z Updating files:  54% (3480/6443)
2026-10-07T10:33:11.1395576Z Updating files:  55% (3544/6443)
2026-10-07T10:33:11.1525428Z Updating files:  56% (3609/6443)
2026-10-07T10:33:11.1651202Z Updating files:  57% (3673/6443)
2026-10-07T10:33:11.1762565Z Updating files:  58% (3737/6443)
2026-10-07T10:33:11.2259201Z Updating files:  59% (3802/6443)
2026-10-07T10:33:11.2358075Z Updating files:  60% (3866/6443)
2026-10-07T10:33:11.2509754Z Updating files:  61% (3931/6443)
2026-10-07T10:33:11.2739309Z Updating files:  62% (3995/6443)
2026-10-07T10:33:11.3002819Z Updating files:  63% (4060/6443)
2026-10-07T10:33:11.3273134Z Updating files:  64% (4124/6443)
2026-10-07T10:33:11.3482307Z Updating files:  65% (4188/6443)
2026-10-07T10:33:11.3674132Z Updating files:  66% (4253/6443)
2026-10-07T10:33:11.3952721Z Updating files:  67% (4317/6443)
2026-10-07T10:33:11.4075425Z Updating files:  68% (4382/6443)
2026-10-07T10:33:11.4270681Z Updating files:  69% (4446/6443)
2026-10-07T10:33:11.4553211Z Updating files:  70% (4511/6443)
2026-10-07T10:33:11.4726082Z Updating files:  71% (4575/6443)
2026-10-07T10:33:11.4885077Z Updating files:  72% (4639/6443)
2026-10-07T10:33:11.5180049Z Updating files:  73% (4704/6443)
2026-10-07T10:33:11.5333410Z Updating files:  74% (4768/6443)
2026-10-07T10:33:11.5618730Z Updating files:  75% (4833/6443)
2026-10-07T10:33:11.5923647Z Updating files:  76% (4897/6443)
2026-10-07T10:33:11.5955280Z Updating files:  77% (4962/6443)
2026-10-07T10:33:11.5996780Z Updating files:  78% (5026/6443)
2026-10-07T10:33:11.6110671Z Updating files:  79% (5090/6443)
2026-10-07T10:33:11.6151006Z Updating files:  80% (5155/6443)
2026-10-07T10:33:11.6284293Z Updating files:  81% (5219/6443)
2026-10-07T10:33:11.6315453Z Updating files:  82% (5284/6443)
2026-10-07T10:33:11.6449912Z Updating files:  83% (5348/6443)
2026-10-07T10:33:11.6560971Z Updating files:  84% (5413/6443)
2026-10-07T10:33:11.6582415Z Updating files:  85% (5477/6443)
2026-10-07T10:33:11.6866595Z Updating files:  86% (5541/6443)
2026-10-07T10:33:11.6960379Z Updating files:  87% (5606/6443)
2026-10-07T10:33:11.6994652Z Updating files:  88% (5670/6443)
2026-10-07T10:33:11.7030676Z Updating files:  89% (5735/6443)
2026-10-07T10:33:11.7082221Z Updating files:  90% (5799/6443)
2026-10-07T10:33:11.7141864Z Updating files:  91% (5864/6443)
2026-10-07T10:33:11.7192381Z Updating files:  92% (5928/6443)
2026-10-07T10:33:11.7229336Z Updating files:  93% (5992/6443)
2026-10-07T10:33:11.7274747Z Updating files:  94% (6057/6443)
2026-10-07T10:33:11.7310926Z Updating files:  95% (6121/6443)
2026-10-07T10:33:11.7347261Z Updating files:  96% (6186/6443)
2026-10-07T10:33:11.7385314Z Updating files:  97% (6250/6443)
2026-10-07T10:33:11.7424172Z Updating files:  98% (6315/6443)
2026-10-07T10:33:11.7464351Z Updating files:  99% (6379/6443)
2026-10-07T10:33:11.7464796Z Updating files: 100% (6443/6443)
2026-10-07T10:33:11.7465100Z Updating files: 100% (6443/6443), done.
2026-10-07T10:33:11.7529327Z Note: switching to 'refs/remotes/pull/91/merge'.
2026-10-07T10:33:11.7529649Z 
2026-10-07T10:33:11.7529956Z You are in 'detached HEAD' state. You can look around, make experimental
2026-10-07T10:33:11.7530685Z changes and commit them, and you can discard any commits you make in this
2026-10-07T10:33:11.7531395Z state without impacting any branches by switching back to a branch.
2026-10-07T10:33:11.7531816Z 
2026-10-07T10:33:11.7532100Z If you want to create a new branch to retain commits you create, you may
2026-10-07T10:33:11.7532794Z do so (now or later) by using -c with the switch command. Example:
2026-10-07T10:33:11.7533204Z 
2026-10-07T10:33:11.7533374Z   git switch -c <new-branch-name>
2026-10-07T10:33:11.7533612Z 
2026-10-07T10:33:11.7533757Z Or undo this operation with:
2026-10-07T10:33:11.7533969Z 
2026-10-07T10:33:11.7534097Z   git switch -
2026-10-07T10:33:11.7534275Z 
2026-10-07T10:33:11.7534842Z Turn off this advice by setting config variable advice.detachedHead to false
2026-10-07T10:33:11.7535300Z 
2026-10-07T10:33:11.7535793Z HEAD is now at 93086eb Merge 3ff48da4880215ff62274ac5be21c5df2d50755b into 91fc4b6e9159687f529215266654a096fc0c8053
2026-10-07T10:33:11.7596376Z ##[endgroup]
2026-10-07T10:33:11.7648685Z [command]/usr/bin/git log -1 --format=%H
2026-10-07T10:33:11.7681112Z 93086eb8910a00d4b2dad3f6450d1278d32bbf20
2026-10-07T10:33:11.7948725Z ##[group]Run actions/setup-node@v4
2026-10-07T10:33:11.7949332Z with:
2026-10-07T10:33:11.7949550Z   node-version: 22
2026-10-07T10:33:11.7949770Z   cache: npm
2026-10-07T10:33:11.7949984Z   always-auth: false
2026-10-07T10:33:11.7950207Z   check-latest: false
2026-10-07T10:33:11.7952883Z   token: ***
2026-10-07T10:33:11.7953085Z env:
2026-10-07T10:33:11.7953269Z   TZ: Asia/Shanghai
2026-10-07T10:33:11.7953697Z   DATABASE_URL: ***localhost:5432/labnest_test
2026-10-07T10:33:11.7954036Z   LABNEST_BUILD_DIR: .next/calculator-production
2026-10-07T10:33:11.7954392Z   LABNEST_TSCONFIG_PATH: tsconfig.calculator.json
2026-10-07T10:33:11.7954727Z   LABNEST_E2E_BASE_URL: http://localhost:3221
2026-10-07T10:33:11.7955023Z ##[endgroup]
2026-10-07T10:33:11.9376395Z Found in cache @ /opt/hostedtoolcache/node/22.23.3/x64
2026-10-07T10:33:11.9379937Z (node:2901) [DEP0040] DeprecationWarning: The `punycode` module is deprecated. Please use a userland alternative instead.
2026-10-07T10:33:11.9380933Z (Use `node --trace-deprecation ...` to show where the warning was created)
2026-10-07T10:33:11.9382882Z ##[group]Environment details
2026-10-07T10:33:14.9698333Z node: v22.23.3
2026-10-07T10:33:14.9698622Z npm: 10.9.9
2026-10-07T10:33:14.9698820Z yarn: 1.22.22
2026-10-07T10:33:14.9700248Z ##[endgroup]
2026-10-07T10:33:14.9717810Z [command]/opt/hostedtoolcache/node/22.23.3/x64/bin/npm config get cache
2026-10-07T10:33:15.3034292Z /home/runner/.npm
2026-10-07T10:33:15.5122065Z Cache hit for: node-cache-Linux-x64-npm-599ce8eba8bc112b80696e4236307f21602cd229e6e93ce6767a6d953dd09abb
2026-10-07T10:33:15.5260416Z (node:2901) [DEP0169] DeprecationWarning: `url.parse()` behavior is not standardized and prone to errors that have security implications. Use the WHATWG URL API instead. CVEs are not issued for `url.parse()` vulnerabilities.
2026-10-07T10:33:16.7788826Z Received 33554432 of 297229237 (11.3%), 32.0 MBs/sec
2026-10-07T10:33:17.7799798Z Received 192937984 of 297229237 (64.9%), 92.0 MBs/sec
2026-10-07T10:33:18.3382813Z Received 297229237 of 297229237 (100.0%), 110.7 MBs/sec
2026-10-07T10:33:18.3384131Z Cache Size: ~283 MB (297229237 B)
2026-10-07T10:33:18.3416380Z [command]/usr/bin/tar -xf /home/runner/work/_temp/01705f4b-6cd2-4ebf-8584-49145ba7b63d/cache.tzst -P -C /home/runner/work/LabNest/LabNest --use-compress-program unzstd
2026-10-07T10:33:19.0089643Z Cache restored successfully
2026-10-07T10:33:19.0236615Z Cache restored from key: node-cache-Linux-x64-npm-599ce8eba8bc112b80696e4236307f21602cd229e6e93ce6767a6d953dd09abb
2026-10-07T10:33:19.0475626Z ##[group]Run npm ci
2026-10-07T10:33:19.0475957Z [36;1mnpm ci[0m
2026-10-07T10:33:19.0737058Z shell: /usr/bin/bash -e {0}
2026-10-07T10:33:19.0737366Z env:
2026-10-07T10:33:19.0737577Z   TZ: Asia/Shanghai
2026-10-07T10:33:19.0738189Z   DATABASE_URL: ***localhost:5432/labnest_test
2026-10-07T10:33:19.0738556Z   LABNEST_BUILD_DIR: .next/calculator-production
2026-10-07T10:33:19.0738914Z   LABNEST_TSCONFIG_PATH: tsconfig.calculator.json
2026-10-07T10:33:19.0739500Z   LABNEST_E2E_BASE_URL: http://localhost:3221
2026-10-07T10:33:19.0739799Z ##[endgroup]
2026-10-07T10:33:41.5438178Z 
2026-10-07T10:33:41.5446866Z added 575 packages, and audited 576 packages in 22s
2026-10-07T10:33:41.5447235Z 
2026-10-07T10:33:41.5447446Z 212 packages are looking for funding
2026-10-07T10:33:41.5447786Z   run `npm fund` for details
2026-10-07T10:33:41.8481160Z 
2026-10-07T10:33:41.8482253Z 26 vulnerabilities (7 moderate, 18 high, 1 critical)
2026-10-07T10:33:41.8482682Z 
2026-10-07T10:33:41.8483015Z To address issues that do not require attention, run:
2026-10-07T10:33:41.8483891Z   npm audit fix
2026-10-07T10:33:41.8484035Z 
2026-10-07T10:33:41.8484261Z To address all issues (including breaking changes), run:
2026-10-07T10:33:41.8484648Z   npm audit fix --force
2026-10-07T10:33:41.8484798Z 
2026-10-07T10:33:41.8484931Z Run `npm audit` for details.
2026-10-07T10:33:41.9933312Z ##[group]Run npx playwright install --with-deps chromium webkit
2026-10-07T10:33:41.9933804Z [36;1mnpx playwright install --with-deps chromium webkit[0m
2026-10-07T10:33:42.0003468Z shell: /usr/bin/bash -e {0}
2026-10-07T10:33:42.0003725Z env:
2026-10-07T10:33:42.0003931Z   TZ: Asia/Shanghai
2026-10-07T10:33:42.0004446Z   DATABASE_URL: ***localhost:5432/labnest_test
2026-10-07T10:33:42.0004806Z   LABNEST_BUILD_DIR: .next/calculator-production
2026-10-07T10:33:42.0005161Z   LABNEST_TSCONFIG_PATH: tsconfig.calculator.json
2026-10-07T10:33:42.0005513Z   LABNEST_E2E_BASE_URL: http://localhost:3221
2026-10-07T10:33:42.0005807Z ##[endgroup]
2026-10-07T10:33:42.8313046Z Installing dependencies...
2026-10-07T10:33:42.8375849Z Switching to root user to install dependencies...
2026-10-07T10:33:42.9309540Z Get:1 file:/etc/apt/apt-mirrors.txt Mirrorlist [144 B]
2026-10-07T10:33:42.9531085Z Get:6 https://packages.microsoft.com/ubuntu/24.04/prod noble InRelease [3600 B]
2026-10-07T10:33:42.9722601Z Hit:2 http://azure.archive.ubuntu.com/ubuntu noble InRelease
2026-10-07T10:33:42.9764436Z Get:3 http://azure.archive.ubuntu.com/ubuntu noble-updates InRelease [126 kB]
2026-10-07T10:33:42.9865049Z Get:4 http://azure.archive.ubuntu.com/ubuntu noble-backports InRelease [126 kB]
2026-10-07T10:33:42.9930109Z Get:5 http://azure.archive.ubuntu.com/ubuntu noble-security InRelease [126 kB]
2026-10-07T10:33:43.0586752Z Get:7 https://packages.microsoft.com/ubuntu/24.04/prod noble/main arm64 Packages [463 kB]
2026-10-07T10:33:43.0765414Z Get:8 https://packages.microsoft.com/ubuntu/24.04/prod noble/main armhf Packages [12.6 kB]
2026-10-07T10:33:43.0852644Z Get:9 https://packages.microsoft.com/ubuntu/24.04/prod noble/main amd64 Packages [519 kB]
2026-10-07T10:33:43.1834264Z Get:10 http://azure.archive.ubuntu.com/ubuntu noble-updates/main amd64 Packages [1375 kB]
2026-10-07T10:33:43.1926670Z Get:11 http://azure.archive.ubuntu.com/ubuntu noble-updates/main Translation-en [306 kB]
2026-10-07T10:33:43.1936788Z Get:12 http://azure.archive.ubuntu.com/ubuntu noble-updates/main amd64 Components [181 kB]
2026-10-07T10:33:43.1960216Z Get:13 http://azure.archive.ubuntu.com/ubuntu noble-updates/universe amd64 Packages [1701 kB]
2026-10-07T10:33:43.2044400Z Get:14 http://azure.archive.ubuntu.com/ubuntu noble-updates/universe Translation-en [341 kB]
2026-10-07T10:33:43.2069697Z Get:15 http://azure.archive.ubuntu.com/ubuntu noble-updates/universe amd64 Components [388 kB]
2026-10-07T10:33:43.2100884Z Get:16 http://azure.archive.ubuntu.com/ubuntu noble-updates/restricted amd64 Packages [1730 kB]
2026-10-07T10:33:43.2241827Z Get:17 http://azure.archive.ubuntu.com/ubuntu noble-updates/restricted Translation-en [396 kB]
2026-10-07T10:33:43.2269459Z Get:18 http://azure.archive.ubuntu.com/ubuntu noble-updates/multiverse Translation-en [13.3 kB]
2026-10-07T10:33:43.2275678Z Get:19 http://azure.archive.ubuntu.com/ubuntu noble-updates/multiverse amd64 Components [940 B]
2026-10-07T10:33:43.2901643Z Get:20 http://azure.archive.ubuntu.com/ubuntu noble-backports/main amd64 Components [5752 B]
2026-10-07T10:33:43.2914934Z Get:21 http://azure.archive.ubuntu.com/ubuntu noble-backports/universe amd64 Components [12.6 kB]
2026-10-07T10:33:43.3002254Z Get:22 http://azure.archive.ubuntu.com/ubuntu noble-security/main amd64 Packages [1073 kB]
2026-10-07T10:33:43.3073199Z Get:23 http://azure.archive.ubuntu.com/ubuntu noble-security/main Translation-en [223 kB]
2026-10-07T10:33:43.3092242Z Get:24 http://azure.archive.ubuntu.com/ubuntu noble-security/main amd64 Components [46.4 kB]
2026-10-07T10:33:43.3105222Z Get:25 http://azure.archive.ubuntu.com/ubuntu noble-security/universe amd64 Packages [1218 kB]
2026-10-07T10:33:43.3168950Z Get:26 http://azure.archive.ubuntu.com/ubuntu noble-security/universe Translation-en [245 kB]
2026-10-07T10:33:43.3188939Z Get:27 http://azure.archive.ubuntu.com/ubuntu noble-security/universe amd64 Components [76.3 kB]
2026-10-07T10:33:43.3203341Z Get:28 http://azure.archive.ubuntu.com/ubuntu noble-security/restricted amd64 Packages [1566 kB]
2026-10-07T10:33:43.3283926Z Get:29 http://azure.archive.ubuntu.com/ubuntu noble-security/restricted Translation-en [361 kB]
2026-10-07T10:33:43.3307499Z Get:30 http://azure.archive.ubuntu.com/ubuntu noble-security/multiverse Translation-en [11.6 kB]
2026-10-07T10:33:48.2587515Z Fetched 12.6 MB in 1s (8482 kB/s)
2026-10-07T10:33:49.1781420Z Reading package lists...
2026-10-07T10:33:49.2041743Z Reading package lists...
2026-10-07T10:33:49.4989521Z Building dependency tree...
2026-10-07T10:33:49.4995679Z Reading state information...
2026-10-07T10:33:49.5250851Z libasound2t64 is already the newest version (1.2.11-1ubuntu0.3).
2026-10-07T10:33:49.5251570Z libasound2t64 set to manually installed.
2026-10-07T10:33:49.5252285Z libatk-bridge2.0-0t64 is already the newest version (2.52.0-1build1).
2026-10-07T10:33:49.5252952Z libatk-bridge2.0-0t64 set to manually installed.
2026-10-07T10:33:49.5253609Z libatk1.0-0t64 is already the newest version (2.52.0-1build1).
2026-10-07T10:33:49.5254209Z libatk1.0-0t64 set to manually installed.
2026-10-07T10:33:49.5254823Z libatspi2.0-0t64 is already the newest version (2.52.0-1build1).
2026-10-07T10:33:49.5255428Z libatspi2.0-0t64 set to manually installed.
2026-10-07T10:33:49.5256012Z libcairo2 is already the newest version (1.18.0-3build1).
2026-10-07T10:33:49.5256557Z libcairo2 set to manually installed.
2026-10-07T10:33:49.5257163Z libcups2t64 is already the newest version (2.4.7-1.2ubuntu7.14).
2026-10-07T10:33:49.5257762Z libcups2t64 set to manually installed.
2026-10-07T10:33:49.5258361Z libdbus-1-3 is already the newest version (1.14.10-4ubuntu4.1).
2026-10-07T10:33:49.5258930Z libdbus-1-3 set to manually installed.
2026-10-07T10:33:49.5259771Z libdrm2 is already the newest version (2.4.125-1ubuntu0.1~24.04.2).
2026-10-07T10:33:49.5260365Z libdrm2 set to manually installed.
2026-10-07T10:33:49.5261220Z libglib2.0-0t64 is already the newest version (2.80.0-6ubuntu3.9).
2026-10-07T10:33:49.5261824Z libglib2.0-0t64 set to manually installed.
2026-10-07T10:33:49.5262436Z libnspr4 is already the newest version (2:4.35-1.1build1).
2026-10-07T10:33:49.5263006Z libnspr4 set to manually installed.
2026-10-07T10:33:49.5263579Z libnss3 is already the newest version (2:3.98-1ubuntu0.2).
2026-10-07T10:33:49.5264112Z libnss3 set to manually installed.
2026-10-07T10:33:49.5264705Z libpango-1.0-0 is already the newest version (1.52.1+ds-1build1).
2026-10-07T10:33:49.5265313Z libpango-1.0-0 set to manually installed.
2026-10-07T10:33:49.5265894Z libx11-6 is already the newest version (2:1.8.7-1build1).
2026-10-07T10:33:49.5266418Z libx11-6 set to manually installed.
2026-10-07T10:33:49.5266954Z libxcb1 is already the newest version (1.15-1ubuntu2).
2026-10-07T10:33:49.5267489Z libxcb1 set to manually installed.
2026-10-07T10:33:49.5268076Z libxcomposite1 is already the newest version (1:0.4.5-1build3).
2026-10-07T10:33:49.5268676Z libxcomposite1 set to manually installed.
2026-10-07T10:33:49.5269430Z libxdamage1 is already the newest version (1:1.1.6-1build1).
2026-10-07T10:33:49.5270000Z libxdamage1 set to manually installed.
2026-10-07T10:33:49.5270583Z libxext6 is already the newest version (2:1.3.4-1build2).
2026-10-07T10:33:49.5271168Z libxext6 set to manually installed.
2026-10-07T10:33:49.5271731Z libxfixes3 is already the newest version (1:6.0.0-2build1).
2026-10-07T10:33:49.5272269Z libxfixes3 set to manually installed.
2026-10-07T10:33:49.5272861Z libxkbcommon0 is already the newest version (1.6.0-1build1).
2026-10-07T10:33:49.5273428Z libxkbcommon0 set to manually installed.
2026-10-07T10:33:49.5274010Z libxrandr2 is already the newest version (2:1.5.2-2build1).
2026-10-07T10:33:49.5274566Z libxrandr2 set to manually installed.
2026-10-07T10:33:49.5275138Z xvfb is already the newest version (2:21.1.12-1ubuntu1.8).
2026-10-07T10:33:49.5276512Z fonts-noto-color-emoji is already the newest version (2.047-0ubuntu0.24.04.1).
2026-10-07T10:33:49.5277332Z libfontconfig1 is already the newest version (2.15.0-1.1ubuntu2).
2026-10-07T10:33:49.5278161Z libfontconfig1 set to manually installed.
2026-10-07T10:33:49.5278779Z fonts-liberation is already the newest version (1:2.1.5-3).
2026-10-07T10:33:49.5279557Z fonts-liberation set to manually installed.
2026-10-07T10:33:49.5280143Z libicu74 is already the newest version (74.2-1ubuntu3.1).
2026-10-07T10:33:49.5280835Z libatomic1 is already the newest version (14.2.0-4ubuntu2~24.04.1).
2026-10-07T10:33:49.5281432Z libatomic1 set to manually installed.
2026-10-07T10:33:49.5282047Z libcairo-gobject2 is already the newest version (1.18.0-3build1).
2026-10-07T10:33:49.5282671Z libcairo-gobject2 set to manually installed.
2026-10-07T10:33:49.5283304Z libenchant-2-2 is already the newest version (2.3.3-2build2).
2026-10-07T10:33:49.5283887Z libenchant-2-2 set to manually installed.
2026-10-07T10:33:49.5284460Z libepoxy0 is already the newest version (1.5.10-1build1).
2026-10-07T10:33:49.5285012Z libepoxy0 set to manually installed.
2026-10-07T10:33:49.5285682Z libgdk-pixbuf-2.0-0 is already the newest version (2.42.10+dfsg-3ubuntu3.3).
2026-10-07T10:33:49.5286372Z libgdk-pixbuf-2.0-0 set to manually installed.
2026-10-07T10:33:49.5287043Z libgstreamer1.0-0 is already the newest version (1.24.2-1ubuntu0.1).
2026-10-07T10:33:49.5287674Z libgstreamer1.0-0 set to manually installed.
2026-10-07T10:33:49.5288291Z libharfbuzz0b is already the newest version (8.3.0-2build2).
2026-10-07T10:33:49.5288869Z libharfbuzz0b set to manually installed.
2026-10-07T10:33:49.5289658Z libjpeg-turbo8 is already the newest version (2.1.5-2ubuntu2).
2026-10-07T10:33:49.5290242Z libjpeg-turbo8 set to manually installed.
2026-10-07T10:33:49.5290948Z liblcms2-2 is already the newest version (2.14-2ubuntu0.1).
2026-10-07T10:33:49.5291511Z liblcms2-2 set to manually installed.
2026-10-07T10:33:49.5292157Z libpangocairo-1.0-0 is already the newest version (1.52.1+ds-1build1).
2026-10-07T10:33:49.5292814Z libpangocairo-1.0-0 set to manually installed.
2026-10-07T10:33:49.5293461Z libpng16-16t64 is already the newest version (1.6.43-5ubuntu0.6).
2026-10-07T10:33:49.5294059Z libpng16-16t64 set to manually installed.
2026-10-07T10:33:49.5294819Z libwayland-client0 is already the newest version (1.22.0-2.1build1).
2026-10-07T10:33:49.5295459Z libwayland-client0 set to manually installed.
2026-10-07T10:33:49.5296096Z libwayland-egl1 is already the newest version (1.22.0-2.1build1).
2026-10-07T10:33:49.5296709Z libwayland-egl1 set to manually installed.
2026-10-07T10:33:49.5297299Z libwebp7 is already the newest version (1.3.2-0.4build3).
2026-10-07T10:33:49.5297838Z libwebp7 set to manually installed.
2026-10-07T10:33:49.5298424Z libwebpdemux2 is already the newest version (1.3.2-0.4build3).
2026-10-07T10:33:49.5299180Z libwebpdemux2 set to manually installed.
2026-10-07T10:33:49.7092274Z libxml2 is already the newest version (2.9.14+dfsg-1.3ubuntu3.9).
2026-10-07T10:33:49.7093035Z libxml2 set to manually installed.
2026-10-07T10:33:49.7093775Z libxslt1.1 is already the newest version (1.1.39-0exp1ubuntu0.24.04.3).
2026-10-07T10:33:49.7094542Z libxslt1.1 set to manually installed.
2026-10-07T10:33:49.7095283Z The following additional packages will be installed:
2026-10-07T10:33:49.7096111Z   glib-networking glib-networking-common glib-networking-services
2026-10-07T10:33:49.7096992Z   gsettings-desktop-schemas libaa1 libabsl20220623t64 libass9 libasyncns0
2026-10-07T10:33:49.7097924Z   libavc1394-0 libavcodec60 libavfilter9 libavformat60 libavtp0 libavutil58
2026-10-07T10:33:49.7098796Z   libblas3 libbluray2 libbs2b0 libcaca0 libcairo-script-interpreter2
2026-10-07T10:33:49.7099847Z   libcdparanoia0 libchromaprint1 libcjson1 libcodec2-1.2 libdav1d7
2026-10-07T10:33:49.7100701Z   libdc1394-25 libdca0 libde265-0 libdecor-0-0 libdirectfb-1.7-7t64 libdv4t64
2026-10-07T10:33:49.7102093Z   libdvdnav4 libdvdread8t64 libegl-mesa0 libegl1 libevent-core-2.1-7t64
2026-10-07T10:33:49.7103006Z   libevent-pthreads-2.1-7t64 libfaad2 libflac12t64 libfluidsynth3 libfreeaptx0
2026-10-07T10:33:49.7103874Z   libgav1-1 libgl1-mesa-dri libglx-mesa0 libgme0 libgraphene-1.0-0 libgsm1
2026-10-07T10:33:49.7105101Z   libgssdp-1.6-0 libgstreamer-plugins-good1.0-0 libgtk-4-common libgupnp-1.6-0
2026-10-07T10:33:49.7106010Z   libgupnp-igd-1.6-0 libhwy1t64 libiec61883-0 libimath-3-1-29t64
2026-10-07T10:33:49.7106806Z   libinstpatch-1.0-2 libjack-jackd2-0 libjxl0.7 liblapack3 liblc3-1
2026-10-07T10:33:49.7107703Z   libldacbt-enc2 liblilv-0-0 liblrdf0 libltc11 libmbedcrypto7t64 libmfx1
2026-10-07T10:33:49.7108491Z   libmjpegutils-2.1-0t64 libmodplug1 libmp3lame0 libmpcdec6
2026-10-07T10:33:49.7109378Z   libmpeg2encpp-2.1-0t64 libmpg123-0t64 libmplex2-2.1-0t64 libmysofa1
2026-10-07T10:33:49.7110079Z   libneon27t64 libnice10 libopenal-data libopenal1 libopenexr-3-1-30
2026-10-07T10:33:49.7110690Z   libopenh264-7 libopenmpt0t64 libopenni2-0 liborc-0.4-0t64
2026-10-07T10:33:49.7111159Z   libpipewire-0.3-0t64 libplacebo338 libpocketsphinx3 libpostproc57
2026-10-07T10:33:49.7111674Z   libproxy1v5 libpulse0 libqrencode4 libraptor2-0 librav1e0 libraw1394-11
2026-10-07T10:33:49.7112587Z   librist4 librsvg2-2 librubberband2 libsamplerate0 libsbc1 libsdl2-2.0-0
2026-10-07T10:33:49.7113136Z   libsecret-common libserd-0-0 libshine3 libshout3 libsndfile1 libsndio7.0
2026-10-07T10:33:49.7113827Z   libsord-0-0 libsoundtouch1 libsoup-3.0-0 libsoup-3.0-common libsoxr0
2026-10-07T10:33:49.7114451Z   libspa-0.2-modules libspandsp2t64 libspeex1 libsphinxbase3t64 libsratom-0-0
2026-10-07T10:33:49.7115036Z   libsrt1.5-gnutls libsrtp2-1 libssh-gcrypt-4 libsvtav1enc1d1 libswresample4
2026-10-07T10:33:49.7115851Z   libswscale7 libtag1v5 libtag1v5-vanilla libtheora0 libtwolame0 libudfread0
2026-10-07T10:33:49.7116635Z   libunibreak5 libv4l-0t64 libv4lconvert0t64 libva-drm2 libva-x11-2 libva2
2026-10-07T10:33:49.7117439Z   libvdpau1 libvidstab1.1 libvisual-0.4-0 libvo-aacenc0 libvo-amrwbenc0
2026-10-07T10:33:49.7118262Z   libvorbisenc2 libvpl2 libwavpack1 libwebrtc-audio-processing1 libwildmidi2
2026-10-07T10:33:49.7119268Z   libx265-199 libxcb-xkb1 libxkbcommon-x11-0 libxvidcore4 libyuv0 libzbar0t64
2026-10-07T10:33:49.7120135Z   libzimg2 libzix-0-0 libzvbi-common libzvbi0t64 libzxing3 mesa-libgallium
2026-10-07T10:33:49.7121003Z   ocl-icd-libopencl1 session-migration timgm6mb-soundfont xfonts-encodings
2026-10-07T10:33:49.7121621Z   xfonts-utils
2026-10-07T10:33:49.7121924Z Suggested packages:
2026-10-07T10:33:49.7122307Z   frei0r-plugins gvfs libcuda1 libnvcuvid1 libnvidia-encode1 libbluray-bdj
2026-10-07T10:33:49.7122839Z   libdirectfb-extra libdv-bin oss-compat libdvdcss2 libvisual-0.4-plugins
2026-10-07T10:33:49.7123707Z   jackd2 liblrdf0-dev libportaudio2 opus-tools pipewire pulseaudio
2026-10-07T10:33:49.7124513Z   raptor2-utils libraw1394-doc librsvg2-bin serdi sndiod sordi speex
2026-10-07T10:33:49.7125226Z   libwildmidi-config opencl-icd fluid-soundfont-gm
2026-10-07T10:33:49.7125770Z Recommended packages:
2026-10-07T10:33:49.7126306Z   fonts-ipafont-mincho fonts-tlwg-loma gstreamer1.0-x libaacs0
2026-10-07T10:33:49.7127076Z   default-libdecor-0-plugin-1 | libdecor-0-plugin-1 gstreamer1.0-gl
2026-10-07T10:33:49.7127959Z   libgtk-4-bin librsvg2-common libgtk-4-media-gstreamer libpipewire-0.3-common
2026-10-07T10:33:49.7128865Z   pocketsphinx-en-us va-driver-all | va-driver vdpau-driver-all | vdpau-driver
2026-10-07T10:33:49.7129695Z   libmagickcore-6.q16-7-extra
2026-10-07T10:33:49.7935009Z The following NEW packages will be installed:
2026-10-07T10:33:49.7936002Z   fonts-freefont-ttf fonts-ipafont-gothic fonts-tlwg-loma-otf fonts-unifont
2026-10-07T10:33:49.7936905Z   fonts-wqy-zenhei glib-networking glib-networking-common
2026-10-07T10:33:49.7937805Z   glib-networking-services gsettings-desktop-schemas gstreamer1.0-libav
2026-10-07T10:33:49.7938921Z   gstreamer1.0-plugins-bad gstreamer1.0-plugins-base gstreamer1.0-plugins-good
2026-10-07T10:33:49.7940844Z   libaa1 libabsl20220623t64 libass9 libasyncns0 libavc1394-0 libavcodec60
2026-10-07T10:33:49.7941751Z   libavfilter9 libavformat60 libavif16 libavtp0 libavutil58 libblas3
2026-10-07T10:33:49.7942772Z   libbluray2 libbs2b0 libcaca0 libcairo-script-interpreter2 libcdparanoia0
2026-10-07T10:33:49.7944049Z   libchromaprint1 libcjson1 libcodec2-1.2 libdav1d7 libdc1394-25 libdca0
2026-10-07T10:33:49.7944983Z   libde265-0 libdecor-0-0 libdirectfb-1.7-7t64 libdv4t64 libdvdnav4
2026-10-07T10:33:49.7945960Z   libdvdread8t64 libegl-mesa0 libegl1 libevent-2.1-7t64 libfaad2 libflac12t64
2026-10-07T10:33:49.7946959Z   libflite1 libfluidsynth3 libfreeaptx0 libgav1-1 libgles2 libgme0
2026-10-07T10:33:49.7947706Z   libgraphene-1.0-0 libgsm1 libgssdp-1.6-0 libgstreamer-gl1.0-0
2026-10-07T10:33:49.7948437Z   libgstreamer-plugins-bad1.0-0 libgstreamer-plugins-base1.0-0
2026-10-07T10:33:49.7949444Z   libgstreamer-plugins-good1.0-0 libgtk-4-1 libgtk-4-common libgupnp-1.6-0
2026-10-07T10:33:49.7950340Z   libgupnp-igd-1.6-0 libharfbuzz-icu0 libhwy1t64 libhyphen0 libiec61883-0
2026-10-07T10:33:49.7951277Z   libimath-3-1-29t64 libinstpatch-1.0-2 libjack-jackd2-0 libjxl0.7 liblapack3
2026-10-07T10:33:49.7952196Z   liblc3-1 libldacbt-enc2 liblilv-0-0 liblrdf0 libltc11 libmanette-0.2-0
2026-10-07T10:33:49.7953124Z   libmbedcrypto7t64 libmfx1 libmjpegutils-2.1-0t64 libmodplug1 libmp3lame0
2026-10-07T10:33:49.7954073Z   libmpcdec6 libmpeg2encpp-2.1-0t64 libmpg123-0t64 libmplex2-2.1-0t64
2026-10-07T10:33:49.7954922Z   libmysofa1 libneon27t64 libnice10 libopenal-data libopenal1
2026-10-07T10:33:49.7955773Z   libopenexr-3-1-30 libopenh264-7 libopenmpt0t64 libopenni2-0 libopus0
2026-10-07T10:33:49.7956675Z   liborc-0.4-0t64 libpipewire-0.3-0t64 libplacebo338 libpocketsphinx3
2026-10-07T10:33:49.7957661Z   libpostproc57 libproxy1v5 libpulse0 libqrencode4 libraptor2-0 librav1e0
2026-10-07T10:33:49.7958629Z   libraw1394-11 librist4 librsvg2-2 librubberband2 libsamplerate0 libsbc1
2026-10-07T10:33:49.7959792Z   libsdl2-2.0-0 libsecret-1-0 libsecret-common libserd-0-0 libshine3 libshout3
2026-10-07T10:33:49.7960706Z   libsndfile1 libsndio7.0 libsord-0-0 libsoundtouch1 libsoup-3.0-0
2026-10-07T10:33:49.7961566Z   libsoup-3.0-common libsoxr0 libspa-0.2-modules libspandsp2t64 libspeex1
2026-10-07T10:33:49.7962528Z   libsphinxbase3t64 libsratom-0-0 libsrt1.5-gnutls libsrtp2-1 libssh-gcrypt-4
2026-10-07T10:33:49.7963462Z   libsvtav1enc1d1 libswresample4 libswscale7 libtag1v5 libtag1v5-vanilla
2026-10-07T10:33:49.7964315Z   libtheora0 libtwolame0 libudfread0 libunibreak5 libv4l-0t64
2026-10-07T10:33:49.7965162Z   libv4lconvert0t64 libva-drm2 libva-x11-2 libva2 libvdpau1 libvidstab1.1
2026-10-07T10:33:49.7966165Z   libvisual-0.4-0 libvo-aacenc0 libvo-amrwbenc0 libvorbisenc2 libvpl2 libvpx9
2026-10-07T10:33:49.7967123Z   libwavpack1 libwayland-server0 libwebrtc-audio-processing1 libwildmidi2
2026-10-07T10:33:49.7968104Z   libwoff1 libx264-164 libx265-199 libxcb-xkb1 libxkbcommon-x11-0 libxvidcore4
2026-10-07T10:33:49.7969178Z   libyuv0 libzbar0t64 libzimg2 libzix-0-0 libzvbi-common libzvbi0t64 libzxing3
2026-10-07T10:33:49.7970077Z   ocl-icd-libopencl1 session-migration timgm6mb-soundfont xfonts-cyrillic
2026-10-07T10:33:49.7970864Z   xfonts-encodings xfonts-scalable xfonts-utils
2026-10-07T10:33:49.7971527Z The following packages will be upgraded:
2026-10-07T10:33:49.7972316Z   libevent-core-2.1-7t64 libevent-pthreads-2.1-7t64 libfreetype6 libgbm1
2026-10-07T10:33:49.7973126Z   libgl1-mesa-dri libglx-mesa0 mesa-libgallium
2026-10-07T10:33:49.8223163Z 7 upgraded, 181 newly installed, 0 to remove and 22 not upgraded.
2026-10-07T10:33:49.8223887Z Need to get 126 MB of archives.
2026-10-07T10:33:49.8224559Z After this operation, 364 MB of additional disk space will be used.
2026-10-07T10:33:49.8225321Z Get:1 file:/etc/apt/apt-mirrors.txt Mirrorlist [144 B]
2026-10-07T10:33:49.9311676Z Get:2 http://azure.archive.ubuntu.com/ubuntu noble/universe amd64 fonts-ipafont-gothic all 00303-21ubuntu1 [3513 kB]
2026-10-07T10:33:50.0396867Z Get:3 http://azure.archive.ubuntu.com/ubuntu noble/main amd64 fonts-freefont-ttf all 20211204+svn4273-2 [5641 kB]
2026-10-07T10:33:50.1843385Z Get:4 http://azure.archive.ubuntu.com/ubuntu noble/universe amd64 fonts-tlwg-loma-otf all 1:0.7.3-1 [107 kB]
2026-10-07T10:33:50.2323704Z Get:5 http://azure.archive.ubuntu.com/ubuntu noble/universe amd64 fonts-unifont all 1:15.1.01-1build1 [2993 kB]
2026-10-07T10:33:50.3220546Z Get:6 http://azure.archive.ubuntu.com/ubuntu noble/universe amd64 fonts-wqy-zenhei all 0.9.45-8 [7472 kB]
2026-10-07T10:33:50.4793407Z Get:7 http://azure.archive.ubuntu.com/ubuntu noble/main amd64 libproxy1v5 amd64 0.5.4-4build1 [26.5 kB]
2026-10-07T10:33:50.5264408Z Get:8 http://azure.archive.ubuntu.com/ubuntu noble/main amd64 glib-networking-common all 2.80.0-1build1 [6702 B]
2026-10-07T10:33:50.5737354Z Get:9 http://azure.archive.ubuntu.com/ubuntu noble/main amd64 glib-networking-services amd64 2.80.0-1build1 [12.8 kB]
2026-10-07T10:33:50.6208870Z Get:10 http://azure.archive.ubuntu.com/ubuntu noble/main amd64 session-migration amd64 0.3.9build1 [9034 B]
2026-10-07T10:33:50.6679469Z Get:11 http://azure.archive.ubuntu.com/ubuntu noble-updates/main amd64 gsettings-desktop-schemas all 46.1-0ubuntu1 [35.6 kB]
2026-10-07T10:33:50.7158837Z Get:12 http://azure.archive.ubuntu.com/ubuntu noble/main amd64 glib-networking amd64 2.80.0-1build1 [64.1 kB]
2026-10-07T10:33:50.7657407Z Get:13 http://azure.archive.ubuntu.com/ubuntu noble-updates/universe amd64 libva2 amd64 2.20.0-2ubuntu0.2 [66.4 kB]
2026-10-07T10:33:50.8140141Z Get:14 http://azure.archive.ubuntu.com/ubuntu noble-updates/universe amd64 libva-drm2 amd64 2.20.0-2ubuntu0.2 [7124 B]
2026-10-07T10:33:50.8622376Z Get:15 http://azure.archive.ubuntu.com/ubuntu noble-updates/universe amd64 libva-x11-2 amd64 2.20.0-2ubuntu0.2 [12.0 kB]
2026-10-07T10:33:50.9100050Z Get:16 http://azure.archive.ubuntu.com/ubuntu noble/main amd64 libvdpau1 amd64 1.5-2build1 [27.8 kB]
2026-10-07T10:33:50.9575301Z Get:17 http://azure.archive.ubuntu.com/ubuntu noble/universe amd64 libvpl2 amd64 2023.3.0-1build1 [99.8 kB]
2026-10-07T10:33:51.0061246Z Get:18 http://azure.archive.ubuntu.com/ubuntu noble/universe amd64 ocl-icd-libopencl1 amd64 2.3.2-1build1 [38.5 kB]
2026-10-07T10:33:51.0561936Z Get:19 http://azure.archive.ubuntu.com/ubuntu noble/universe amd64 libavutil58 amd64 7:6.1.1-3ubuntu5 [401 kB]
2026-10-07T10:33:51.2605255Z Get:20 http://azure.archive.ubuntu.com/ubuntu noble/universe amd64 libcodec2-1.2 amd64 1.2.0-2build1 [8998 kB]
2026-10-07T10:33:51.6369493Z Get:21 http://azure.archive.ubuntu.com/ubuntu noble/universe amd64 libdav1d7 amd64 1.4.1-1build1 [604 kB]
2026-10-07T10:33:51.6958687Z Get:22 http://azure.archive.ubuntu.com/ubuntu noble/universe amd64 libgsm1 amd64 1.0.22-1build1 [27.8 kB]
2026-10-07T10:33:51.7436968Z Get:23 http://azure.archive.ubuntu.com/ubuntu noble/universe amd64 libhwy1t64 amd64 1.0.7-8.1build1 [584 kB]
2026-10-07T10:33:51.8037542Z Get:24 http://azure.archive.ubuntu.com/ubuntu noble-updates/universe amd64 libjxl0.7 amd64 0.7.0-10.2ubuntu6.1 [1001 kB]
2026-10-07T10:33:51.8607298Z Get:25 http://azure.archive.ubuntu.com/ubuntu noble/main amd64 libmp3lame0 amd64 3.100-6build1 [142 kB]
2026-10-07T10:33:51.9092298Z Get:26 http://azure.archive.ubuntu.com/ubuntu noble/main amd64 libopus0 amd64 1.4-1build1 [208 kB]
2026-10-07T10:33:51.9627087Z Get:27 http://azure.archive.ubuntu.com/ubuntu noble/universe amd64 librav1e0 amd64 0.7.1-2 [1022 kB]
2026-10-07T10:33:52.0246853Z Get:28 http://azure.archive.ubuntu.com/ubuntu noble-updates/main amd64 librsvg2-2 amd64 2.58.0+dfsg-1ubuntu0.1 [2141 kB]
2026-10-07T10:33:52.1042698Z Get:29 http://azure.archive.ubuntu.com/ubuntu noble/universe amd64 libshine3 amd64 3.1.1-2build1 [23.2 kB]
2026-10-07T10:33:52.1520569Z Get:30 http://azure.archive.ubuntu.com/ubuntu noble-updates/main amd64 libspeex1 amd64 1.2.1-2ubuntu2.24.04.1 [59.6 kB]
2026-10-07T10:33:52.2015616Z Get:31 http://azure.archive.ubuntu.com/ubuntu noble/universe amd64 libsvtav1enc1d1 amd64 1.7.0+dfsg-2build1 [2425 kB]
2026-10-07T10:33:52.2653847Z Get:32 http://azure.archive.ubuntu.com/ubuntu noble/universe amd64 libsoxr0 amd64 0.1.3-4build3 [80.0 kB]
2026-10-07T10:33:52.3144711Z Get:33 http://azure.archive.ubuntu.com/ubuntu noble/universe amd64 libswresample4 amd64 7:6.1.1-3ubuntu5 [63.8 kB]
2026-10-07T10:33:52.3623945Z Get:34 http://azure.archive.ubuntu.com/ubuntu noble/main amd64 libtheora0 amd64 1.1.1+dfsg.1-16.1build3 [211 kB]
2026-10-07T10:33:52.4140530Z Get:35 http://azure.archive.ubuntu.com/ubuntu noble/main amd64 libtwolame0 amd64 0.4.0-2build3 [52.3 kB]
2026-10-07T10:33:52.4618007Z Get:36 http://azure.archive.ubuntu.com/ubuntu noble/main amd64 libvorbisenc2 amd64 1.3.7-1build3 [80.8 kB]
2026-10-07T10:33:52.5102921Z Get:37 http://azure.archive.ubuntu.com/ubuntu noble-updates/main amd64 libvpx9 amd64 1.14.0-1ubuntu2.3 [1143 kB]
2026-10-07T10:33:52.5647258Z Get:38 http://azure.archive.ubuntu.com/ubuntu noble/universe amd64 libx264-164 amd64 2:0.164.3108+git31e19f9-1 [604 kB]
2026-10-07T10:33:52.6180857Z Get:39 http://azure.archive.ubuntu.com/ubuntu noble/universe amd64 libx265-199 amd64 3.5-2build1 [1226 kB]
2026-10-07T10:33:52.6756358Z Get:40 http://azure.archive.ubuntu.com/ubuntu noble/universe amd64 libxvidcore4 amd64 2:1.3.7-1build1 [219 kB]
2026-10-07T10:33:52.7245607Z Get:41 http://azure.archive.ubuntu.com/ubuntu noble/universe amd64 libzvbi-common all 0.2.42-2 [42.4 kB]
2026-10-07T10:33:52.7723256Z Get:42 http://azure.archive.ubuntu.com/ubuntu noble/universe amd64 libzvbi0t64 amd64 0.2.42-2 [261 kB]
2026-10-07T10:33:52.8218990Z Get:43 http://azure.archive.ubuntu.com/ubuntu noble/universe amd64 libavcodec60 amd64 7:6.1.1-3ubuntu5 [5851 kB]
2026-10-07T10:33:52.9642037Z Get:44 http://azure.archive.ubuntu.com/ubuntu noble-updates/main amd64 libfreetype6 amd64 2.13.2+dfsg-1ubuntu0.2 [403 kB]
2026-10-07T10:33:53.0160362Z Get:45 http://azure.archive.ubuntu.com/ubuntu noble/universe amd64 libunibreak5 amd64 5.1-2build1 [25.0 kB]
2026-10-07T10:33:53.0640444Z Get:46 http://azure.archive.ubuntu.com/ubuntu noble/universe amd64 libass9 amd64 1:0.17.1-2build1 [104 kB]
2026-10-07T10:33:53.1134698Z Get:47 http://azure.archive.ubuntu.com/ubuntu noble/universe amd64 libudfread0 amd64 1.1.2-1build1 [19.0 kB]
2026-10-07T10:33:53.1611943Z Get:48 http://azure.archive.ubuntu.com/ubuntu noble/universe amd64 libbluray2 amd64 1:1.3.4-1build1 [159 kB]
2026-10-07T10:33:53.2106572Z Get:49 http://azure.archive.ubuntu.com/ubuntu noble/universe amd64 libchromaprint1 amd64 1.5.1-5 [30.5 kB]
2026-10-07T10:33:53.2586156Z Get:50 http://azure.archive.ubuntu.com/ubuntu noble/universe amd64 libgme0 amd64 0.6.3-7build1 [134 kB]
2026-10-07T10:33:53.3070091Z Get:51 http://azure.archive.ubuntu.com/ubuntu noble-updates/main amd64 libmpg123-0t64 amd64 1.32.5-1ubuntu1.1 [169 kB]
2026-10-07T10:33:53.3596297Z Get:52 http://azure.archive.ubuntu.com/ubuntu noble/universe amd64 libopenmpt0t64 amd64 0.7.3-1.1build3 [647 kB]
2026-10-07T10:33:53.4112009Z Get:53 http://azure.archive.ubuntu.com/ubuntu noble/universe amd64 libcjson1 amd64 1.7.17-1 [24.8 kB]
2026-10-07T10:33:53.4589423Z Get:54 http://azure.archive.ubuntu.com/ubuntu noble/universe amd64 libmbedcrypto7t64 amd64 2.28.8-1 [209 kB]
2026-10-07T10:33:53.5076557Z Get:55 http://azure.archive.ubuntu.com/ubuntu noble/universe amd64 librist4 amd64 0.2.10+dfsg-2 [74.9 kB]
2026-10-07T10:33:53.5555072Z Get:56 http://azure.archive.ubuntu.com/ubuntu noble/universe amd64 libsrt1.5-gnutls amd64 1.5.3-1build2 [316 kB]
2026-10-07T10:33:53.6143036Z Get:57 http://azure.archive.ubuntu.com/ubuntu noble-updates/main amd64 libssh-gcrypt-4 amd64 0.10.6-2ubuntu0.5 [226 kB]
2026-10-07T10:33:53.6637066Z Get:58 http://azure.archive.ubuntu.com/ubuntu noble/universe amd64 libavformat60 amd64 7:6.1.1-3ubuntu5 [1153 kB]
2026-10-07T10:33:53.7202931Z Get:59 http://azure.archive.ubuntu.com/ubuntu noble/universe amd64 libbs2b0 amd64 3.1.0+dfsg-7build1 [10.6 kB]
2026-10-07T10:33:53.7679713Z Get:60 http://azure.archive.ubuntu.com/ubuntu noble/universe amd64 libflite1 amd64 2.2-6build3 [13.6 MB]
2026-10-07T10:33:54.0576859Z Get:61 http://azure.archive.ubuntu.com/ubuntu noble/universe amd64 libserd-0-0 amd64 0.32.2-1 [43.6 kB]
2026-10-07T10:33:54.1075314Z Get:62 http://azure.archive.ubuntu.com/ubuntu noble/universe amd64 libzix-0-0 amd64 0.4.2-2build1 [23.6 kB]
2026-10-07T10:33:54.1550599Z Get:63 http://azure.archive.ubuntu.com/ubuntu noble/universe amd64 libsord-0-0 amd64 0.16.16-2build1 [15.8 kB]
2026-10-07T10:33:54.2031891Z Get:64 http://azure.archive.ubuntu.com/ubuntu noble/universe amd64 libsratom-0-0 amd64 0.6.16-1build1 [17.3 kB]
2026-10-07T10:33:54.2509686Z Get:65 http://azure.archive.ubuntu.com/ubuntu noble/universe amd64 liblilv-0-0 amd64 0.24.22-1build1 [41.0 kB]
2026-10-07T10:33:54.2990190Z Get:66 http://azure.archive.ubuntu.com/ubuntu noble/universe amd64 libmysofa1 amd64 1.3.2+dfsg-2ubuntu2 [1158 kB]
2026-10-07T10:33:54.3595206Z Get:67 http://azure.archive.ubuntu.com/ubuntu noble/universe amd64 libplacebo338 amd64 6.338.2-2build1 [2654 kB]
2026-10-07T10:33:54.4292569Z Get:68 http://azure.archive.ubuntu.com/ubuntu noble-updates/main amd64 libblas3 amd64 3.12.0-3build1.1 [238 kB]
2026-10-07T10:33:54.4825315Z Get:69 http://azure.archive.ubuntu.com/ubuntu noble-updates/main amd64 liblapack3 amd64 3.12.0-3build1.1 [2646 kB]
2026-10-07T10:33:54.5764557Z Get:70 http://azure.archive.ubuntu.com/ubuntu noble/main amd64 libasyncns0 amd64 0.8-6build4 [11.3 kB]
2026-10-07T10:33:54.6237498Z Get:71 http://azure.archive.ubuntu.com/ubuntu noble/main amd64 libflac12t64 amd64 1.4.3+ds-2.1ubuntu2 [197 kB]
2026-10-07T10:33:54.6753280Z Get:72 http://azure.archive.ubuntu.com/ubuntu noble-updates/main amd64 libsndfile1 amd64 1.2.2-1ubuntu5.24.04.1 [209 kB]
2026-10-07T10:33:54.7254921Z Get:73 http://azure.archive.ubuntu.com/ubuntu noble-updates/main amd64 libpulse0 amd64 1:16.1+dfsg1-2ubuntu10.1 [292 kB]
2026-10-07T10:33:54.7756319Z Get:74 http://azure.archive.ubuntu.com/ubuntu noble/universe amd64 libsphinxbase3t64 amd64 0.8+5prealpha+1-17build2 [126 kB]
2026-10-07T10:33:54.8244099Z Get:75 http://azure.archive.ubuntu.com/ubuntu noble/universe amd64 libpocketsphinx3 amd64 0.8.0+real5prealpha+1-15ubuntu5 [133 kB]
2026-10-07T10:33:54.8735796Z Get:76 http://azure.archive.ubuntu.com/ubuntu noble/universe amd64 libpostproc57 amd64 7:6.1.1-3ubuntu5 [49.9 kB]
2026-10-07T10:33:54.9210545Z Get:77 http://azure.archive.ubuntu.com/ubuntu noble/main amd64 libsamplerate0 amd64 0.2.2-4build1 [1344 kB]
2026-10-07T10:33:54.9768290Z Get:78 http://azure.archive.ubuntu.com/ubuntu noble/universe amd64 librubberband2 amd64 3.3.0+dfsg-2build1 [130 kB]
2026-10-07T10:33:55.0253309Z Get:79 http://azure.archive.ubuntu.com/ubuntu noble/universe amd64 libswscale7 amd64 7:6.1.1-3ubuntu5 [193 kB]
2026-10-07T10:33:55.0739615Z Get:80 http://azure.archive.ubuntu.com/ubuntu noble/universe amd64 libvidstab1.1 amd64 1.1.0-2build1 [38.5 kB]
2026-10-07T10:33:55.1216603Z Get:81 http://azure.archive.ubuntu.com/ubuntu noble/universe amd64 libzimg2 amd64 3.0.5+ds1-1build1 [254 kB]
2026-10-07T10:33:55.1727304Z Get:82 http://azure.archive.ubuntu.com/ubuntu noble/universe amd64 libavfilter9 amd64 7:6.1.1-3ubuntu5 [4235 kB]
2026-10-07T10:33:55.2786227Z Get:83 http://azure.archive.ubuntu.com/ubuntu noble-updates/main amd64 liborc-0.4-0t64 amd64 1:0.4.38-1ubuntu0.1 [207 kB]
2026-10-07T10:33:55.3270801Z Get:84 http://azure.archive.ubuntu.com/ubuntu noble-updates/main amd64 libgstreamer-plugins-base1.0-0 amd64 1.24.2-1ubuntu0.5 [862 kB]
2026-10-07T10:33:55.3822302Z Get:85 http://azure.archive.ubuntu.com/ubuntu noble/universe amd64 gstreamer1.0-libav amd64 1.24.1-1build1 [103 kB]
2026-10-07T10:33:55.4307285Z Get:86 http://azure.archive.ubuntu.com/ubuntu noble/main amd64 libcdparanoia0 amd64 3.10.2+debian-14build3 [48.5 kB]
2026-10-07T10:33:55.4785658Z Get:87 http://azure.archive.ubuntu.com/ubuntu noble/main amd64 libvisual-0.4-0 amd64 0.4.2-2build1 [115 kB]
2026-10-07T10:33:55.5268992Z Get:88 http://azure.archive.ubuntu.com/ubuntu noble-updates/main amd64 gstreamer1.0-plugins-base amd64 1.24.2-1ubuntu0.5 [721 kB]
2026-10-07T10:33:55.5835420Z Get:89 http://azure.archive.ubuntu.com/ubuntu noble/main amd64 libaa1 amd64 1.4p5-51.1 [49.9 kB]
2026-10-07T10:33:55.6311288Z Get:90 http://azure.archive.ubuntu.com/ubuntu noble/main amd64 libraw1394-11 amd64 2.1.2-2build3 [26.2 kB]
2026-10-07T10:33:55.6780397Z Get:91 http://azure.archive.ubuntu.com/ubuntu noble/main amd64 libavc1394-0 amd64 0.5.4-5build3 [15.4 kB]
2026-10-07T10:33:55.7251114Z Get:92 http://azure.archive.ubuntu.com/ubuntu noble-updates/main amd64 libcaca0 amd64 0.99.beta20-4ubuntu0.2 [209 kB]
2026-10-07T10:33:55.7738327Z Get:93 http://azure.archive.ubuntu.com/ubuntu noble/main amd64 libdv4t64 amd64 1.0.0-17.1build1 [63.2 kB]
2026-10-07T10:33:55.8216241Z Get:94 http://azure.archive.ubuntu.com/ubuntu noble-updates/main amd64 libgstreamer-plugins-good1.0-0 amd64 1.24.2-1ubuntu1.8 [34.3 kB]
2026-10-07T10:33:55.8690534Z Get:95 http://azure.archive.ubuntu.com/ubuntu noble/main amd64 libiec61883-0 amd64 1.2.0-6build1 [24.5 kB]
2026-10-07T10:33:55.9166575Z Get:96 http://azure.archive.ubuntu.com/ubuntu noble/main amd64 libshout3 amd64 2.4.6-1build2 [50.3 kB]
2026-10-07T10:33:55.9645119Z Get:97 http://azure.archive.ubuntu.com/ubuntu noble/main amd64 libtag1v5-vanilla amd64 1.13.1-1build1 [326 kB]
2026-10-07T10:33:56.0175818Z Get:98 http://azure.archive.ubuntu.com/ubuntu noble/main amd64 libtag1v5 amd64 1.13.1-1build1 [11.7 kB]
2026-10-07T10:33:56.0654005Z Get:99 http://azure.archive.ubuntu.com/ubuntu noble/main amd64 libv4lconvert0t64 amd64 1.26.1-4build3 [87.6 kB]
2026-10-07T10:33:56.1143060Z Get:100 http://azure.archive.ubuntu.com/ubuntu noble/main amd64 libv4l-0t64 amd64 1.26.1-4build3 [46.9 kB]
2026-10-07T10:33:56.1620373Z Get:101 http://azure.archive.ubuntu.com/ubuntu noble/main amd64 libwavpack1 amd64 5.6.0-1build1 [84.6 kB]
2026-10-07T10:33:56.2102812Z Get:102 http://azure.archive.ubuntu.com/ubuntu noble-updates/main amd64 libsoup-3.0-common all 3.4.4-5ubuntu0.9 [12.3 kB]
2026-10-07T10:33:56.2621483Z Get:103 http://azure.archive.ubuntu.com/ubuntu noble-updates/main amd64 libsoup-3.0-0 amd64 3.4.4-5ubuntu0.9 [291 kB]
2026-10-07T10:33:56.3123790Z Get:104 http://azure.archive.ubuntu.com/ubuntu noble-updates/main amd64 gstreamer1.0-plugins-good amd64 1.24.2-1ubuntu1.8 [2236 kB]
2026-10-07T10:33:56.4104171Z Get:105 http://azure.archive.ubuntu.com/ubuntu noble-updates/main amd64 libabsl20220623t64 amd64 20220623.1-3.1ubuntu3.2 [423 kB]
2026-10-07T10:33:56.4602768Z Get:106 http://azure.archive.ubuntu.com/ubuntu noble/universe amd64 libgav1-1 amd64 0.18.0-1build3 [357 kB]
2026-10-07T10:33:56.5103094Z Get:107 http://azure.archive.ubuntu.com/ubuntu noble/universe amd64 libyuv0 amd64 0.0~git202401110.af6ac82-1 [178 kB]
2026-10-07T10:33:56.5588199Z Get:108 http://azure.archive.ubuntu.com/ubuntu noble/universe amd64 libavif16 amd64 1.0.4-1ubuntu3 [91.2 kB]
2026-10-07T10:33:56.6066219Z Get:109 http://azure.archive.ubuntu.com/ubuntu noble/universe amd64 libavtp0 amd64 0.2.0-1build1 [6414 B]
2026-10-07T10:33:56.6538141Z Get:110 http://azure.archive.ubuntu.com/ubuntu noble/main amd64 libcairo-script-interpreter2 amd64 1.18.0-3build1 [60.3 kB]
2026-10-07T10:33:56.7015804Z Get:111 http://azure.archive.ubuntu.com/ubuntu noble/universe amd64 libdc1394-25 amd64 2.2.6-4build1 [90.1 kB]
2026-10-07T10:33:56.7507391Z Get:112 http://azure.archive.ubuntu.com/ubuntu noble-updates/main amd64 libde265-0 amd64 1.0.15-1ubuntu0.1 [167 kB]
2026-10-07T10:33:56.7989959Z Get:113 http://azure.archive.ubuntu.com/ubuntu noble/main amd64 libdecor-0-0 amd64 0.2.2-1build2 [16.5 kB]
2026-10-07T10:33:56.8464353Z Get:114 http://azure.archive.ubuntu.com/ubuntu noble/main amd64 libgles2 amd64 1.7.0-1build1 [17.1 kB]
2026-10-07T10:33:56.8938653Z Get:115 http://azure.archive.ubuntu.com/ubuntu noble/universe amd64 libdirectfb-1.7-7t64 amd64 1.7.7-11.1ubuntu2 [1035 kB]
2026-10-07T10:33:56.9560250Z Get:116 http://azure.archive.ubuntu.com/ubuntu noble/universe amd64 libdvdread8t64 amd64 6.1.3-1.1build1 [54.7 kB]
2026-10-07T10:33:57.0036679Z Get:117 http://azure.archive.ubuntu.com/ubuntu noble/universe amd64 libdvdnav4 amd64 6.1.1-3build1 [39.5 kB]
2026-10-07T10:33:57.0516590Z Get:118 http://azure.archive.ubuntu.com/ubuntu noble-updates/main amd64 libgl1-mesa-dri amd64 25.2.8-0ubuntu0.24.04.4 [38.0 kB]
2026-10-07T10:33:57.0996518Z Get:119 http://azure.archive.ubuntu.com/ubuntu noble-updates/main amd64 libglx-mesa0 amd64 25.2.8-0ubuntu0.24.04.4 [110 kB]
2026-10-07T10:33:57.1504178Z Get:120 http://azure.archive.ubuntu.com/ubuntu noble-updates/main amd64 libgbm1 amd64 25.2.8-0ubuntu0.24.04.4 [34.2 kB]
2026-10-07T10:33:57.1984293Z Get:121 http://azure.archive.ubuntu.com/ubuntu noble-updates/main amd64 mesa-libgallium amd64 25.2.8-0ubuntu0.24.04.4 [10.8 MB]
2026-10-07T10:33:57.4028357Z Get:122 http://azure.archive.ubuntu.com/ubuntu noble-updates/main amd64 libegl-mesa0 amd64 25.2.8-0ubuntu0.24.04.4 [117 kB]
2026-10-07T10:33:57.4508628Z Get:123 http://azure.archive.ubuntu.com/ubuntu noble-updates/main amd64 libevent-2.1-7t64 amd64 2.1.12-stable-9ubuntu2.2 [146 kB]
2026-10-07T10:33:57.4986638Z Get:124 http://azure.archive.ubuntu.com/ubuntu noble-updates/main amd64 libevent-pthreads-2.1-7t64 amd64 2.1.12-stable-9ubuntu2.2 [7988 B]
2026-10-07T10:33:57.5461525Z Get:125 http://azure.archive.ubuntu.com/ubuntu noble-updates/main amd64 libevent-core-2.1-7t64 amd64 2.1.12-stable-9ubuntu2.2 [91.9 kB]
2026-10-07T10:33:57.5937953Z Get:126 http://azure.archive.ubuntu.com/ubuntu noble/universe amd64 libfaad2 amd64 2.11.1-1build1 [207 kB]
2026-10-07T10:33:57.6425444Z Get:127 http://azure.archive.ubuntu.com/ubuntu noble/universe amd64 libinstpatch-1.0-2 amd64 1.1.6-1build2 [251 kB]
2026-10-07T10:33:57.6921722Z Get:128 http://azure.archive.ubuntu.com/ubuntu noble/main amd64 libjack-jackd2-0 amd64 1.9.21~dfsg-3ubuntu3 [289 kB]
2026-10-07T10:33:57.7434180Z Get:129 http://azure.archive.ubuntu.com/ubuntu noble/main amd64 libwebrtc-audio-processing1 amd64 0.3.1-0ubuntu6 [290 kB]
2026-10-07T10:33:57.7948848Z Get:130 http://azure.archive.ubuntu.com/ubuntu noble-updates/main amd64 libspa-0.2-modules amd64 1.0.5-1ubuntu3.3 [628 kB]
2026-10-07T10:33:57.8499295Z Get:131 http://azure.archive.ubuntu.com/ubuntu noble-updates/main amd64 libpipewire-0.3-0t64 amd64 1.0.5-1ubuntu3.3 [252 kB]
2026-10-07T10:33:57.8996956Z Get:132 http://azure.archive.ubuntu.com/ubuntu noble-updates/main amd64 libsdl2-2.0-0 amd64 2.30.0+dfsg-1ubuntu3.1 [686 kB]
2026-10-07T10:33:57.9555908Z Get:133 http://azure.archive.ubuntu.com/ubuntu noble/universe amd64 timgm6mb-soundfont all 1.3-5 [5427 kB]
2026-10-07T10:33:58.0840590Z Get:134 http://azure.archive.ubuntu.com/ubuntu noble/universe amd64 libfluidsynth3 amd64 2.3.4-1build3 [249 kB]
2026-10-07T10:33:58.1334154Z Get:135 http://azure.archive.ubuntu.com/ubuntu noble/main amd64 libfreeaptx0 amd64 0.1.1-2build1 [13.5 kB]
2026-10-07T10:33:58.1822542Z Get:136 http://azure.archive.ubuntu.com/ubuntu noble/main amd64 libgraphene-1.0-0 amd64 1.10.8-3build2 [46.2 kB]
2026-10-07T10:33:58.2307726Z Get:137 http://azure.archive.ubuntu.com/ubuntu noble/main amd64 libgssdp-1.6-0 amd64 1.6.3-1build3 [40.4 kB]
2026-10-07T10:33:58.2791771Z Get:138 http://azure.archive.ubuntu.com/ubuntu noble/main amd64 libegl1 amd64 1.7.0-1build1 [28.7 kB]
2026-10-07T10:33:58.3285194Z Get:139 http://azure.archive.ubuntu.com/ubuntu noble-updates/main amd64 libgstreamer-gl1.0-0 amd64 1.24.2-1ubuntu0.5 [214 kB]
2026-10-07T10:33:58.3786256Z Get:140 http://azure.archive.ubuntu.com/ubuntu noble-updates/main amd64 libgtk-4-common all 4.14.5+ds-0ubuntu0.10 [1497 kB]
2026-10-07T10:33:58.4478740Z Get:141 http://azure.archive.ubuntu.com/ubuntu noble-updates/main amd64 libgtk-4-1 amd64 4.14.5+ds-0ubuntu0.10 [3295 kB]
2026-10-07T10:33:58.5444074Z Get:142 http://azure.archive.ubuntu.com/ubuntu noble/main amd64 libgupnp-1.6-0 amd64 1.6.6-1build3 [92.7 kB]
2026-10-07T10:33:58.5934700Z Get:143 http://azure.archive.ubuntu.com/ubuntu noble/universe amd64 libgupnp-igd-1.6-0 amd64 1.6.0-3build3 [16.5 kB]
2026-10-07T10:33:58.6417768Z Get:144 http://azure.archive.ubuntu.com/ubuntu noble/main amd64 libharfbuzz-icu0 amd64 8.3.0-2build2 [13.3 kB]
2026-10-07T10:33:58.6897012Z Get:145 http://azure.archive.ubuntu.com/ubuntu noble/main amd64 libhyphen0 amd64 2.8.8-7build3 [26.5 kB]
2026-10-07T10:33:58.7380566Z Get:146 http://azure.archive.ubuntu.com/ubuntu noble/universe amd64 libimath-3-1-29t64 amd64 3.1.9-3.1ubuntu2 [72.2 kB]
2026-10-07T10:33:58.7871747Z Get:147 http://azure.archive.ubuntu.com/ubuntu noble/main amd64 liblc3-1 amd64 1.0.4-3build1 [69.7 kB]
2026-10-07T10:33:58.8362436Z Get:148 http://azure.archive.ubuntu.com/ubuntu noble/main amd64 libldacbt-enc2 amd64 2.0.2.3+git20200429+ed310a0-4ubuntu2 [27.1 kB]
2026-10-07T10:33:58.8931359Z Get:149 http://azure.archive.ubuntu.com/ubuntu noble-updates/main amd64 libraptor2-0 amd64 2.0.16-3ubuntu0.1 [165 kB]
2026-10-07T10:33:58.9423319Z Get:150 http://azure.archive.ubuntu.com/ubuntu noble/universe amd64 liblrdf0 amd64 0.6.1-4build1 [18.5 kB]
2026-10-07T10:33:59.0352854Z Get:151 http://azure.archive.ubuntu.com/ubuntu noble/universe amd64 libltc11 amd64 1.3.2-1build1 [13.0 kB]
2026-10-07T10:33:59.0841361Z Get:152 http://azure.archive.ubuntu.com/ubuntu noble/main amd64 libmanette-0.2-0 amd64 0.2.7-1build2 [30.6 kB]
2026-10-07T10:33:59.1774836Z Get:153 http://azure.archive.ubuntu.com/ubuntu noble/universe amd64 libmfx1 amd64 22.5.4-1 [3124 kB]
2026-10-07T10:33:59.5066862Z Get:154 http://azure.archive.ubuntu.com/ubuntu noble/universe amd64 libmjpegutils-2.1-0t64 amd64 1:2.1.0+debian-8.1build1 [25.5 kB]
2026-10-07T10:33:59.5541254Z Get:155 http://azure.archive.ubuntu.com/ubuntu noble/universe amd64 libmodplug1 amd64 1:0.8.9.0-3build1 [166 kB]
2026-10-07T10:33:59.6021956Z Get:156 http://azure.archive.ubuntu.com/ubuntu noble/universe amd64 libmpcdec6 amd64 2:0.1~r495-2build1 [32.7 kB]
2026-10-07T10:33:59.6545200Z Get:157 http://azure.archive.ubuntu.com/ubuntu noble/universe amd64 libmpeg2encpp-2.1-0t64 amd64 1:2.1.0+debian-8.1build1 [75.6 kB]
2026-10-07T10:33:59.7071349Z Get:158 http://azure.archive.ubuntu.com/ubuntu noble/universe amd64 libmplex2-2.1-0t64 amd64 1:2.1.0+debian-8.1build1 [46.1 kB]
2026-10-07T10:33:59.7512080Z Get:159 http://azure.archive.ubuntu.com/ubuntu noble/universe amd64 libneon27t64 amd64 0.33.0-1.1build3 [102 kB]
2026-10-07T10:33:59.7994938Z Get:160 http://azure.archive.ubuntu.com/ubuntu noble/universe amd64 libnice10 amd64 0.1.21-2build3 [157 kB]
2026-10-07T10:33:59.8503762Z Get:161 http://azure.archive.ubuntu.com/ubuntu noble/universe amd64 libopenal-data all 1:1.23.1-4build1 [161 kB]
2026-10-07T10:33:59.9004832Z Get:162 http://azure.archive.ubuntu.com/ubuntu noble/universe amd64 libopenexr-3-1-30 amd64 3.1.5-5.1build3 [1004 kB]
2026-10-07T10:33:59.9643617Z Get:163 http://azure.archive.ubuntu.com/ubuntu noble/universe amd64 libopenh264-7 amd64 2.4.1+dfsg-1 [409 kB]
2026-10-07T10:34:00.0179181Z Get:164 http://azure.archive.ubuntu.com/ubuntu noble/universe amd64 libopenni2-0 amd64 2.2.0.33+dfsg-18 [370 kB]
2026-10-07T10:34:00.0680030Z Get:165 http://azure.archive.ubuntu.com/ubuntu noble/universe amd64 libqrencode4 amd64 4.1.1-1build2 [25.0 kB]
2026-10-07T10:34:00.1228519Z Get:166 http://azure.archive.ubuntu.com/ubuntu noble/main amd64 libsecret-common all 0.21.4-1build3 [4962 B]
2026-10-07T10:34:00.1703580Z Get:167 http://azure.archive.ubuntu.com/ubuntu noble/main amd64 libsecret-1-0 amd64 0.21.4-1build3 [116 kB]
2026-10-07T10:34:00.2191941Z Get:168 http://azure.archive.ubuntu.com/ubuntu noble/universe amd64 libsndio7.0 amd64 1.9.0-0.3build3 [29.6 kB]
2026-10-07T10:34:00.2664859Z Get:169 http://azure.archive.ubuntu.com/ubuntu noble/universe amd64 libsoundtouch1 amd64 2.3.2+ds1-1build1 [60.5 kB]
2026-10-07T10:34:00.3173706Z Get:170 http://azure.archive.ubuntu.com/ubuntu noble/universe amd64 libspandsp2t64 amd64 0.0.6+dfsg-2.1build1 [311 kB]
2026-10-07T10:34:00.3675528Z Get:171 http://azure.archive.ubuntu.com/ubuntu noble/universe amd64 libsrtp2-1 amd64 2.5.0-3build1 [41.9 kB]
2026-10-07T10:34:00.4157812Z Get:172 http://azure.archive.ubuntu.com/ubuntu noble/main amd64 libwayland-server0 amd64 1.22.0-2.1build1 [33.9 kB]
2026-10-07T10:34:00.4634839Z Get:173 http://azure.archive.ubuntu.com/ubuntu noble/universe amd64 libwildmidi2 amd64 0.4.3-1build3 [68.5 kB]
2026-10-07T10:34:00.5109702Z Get:174 http://azure.archive.ubuntu.com/ubuntu noble/main amd64 libwoff1 amd64 1.0.2-2build1 [45.3 kB]
2026-10-07T10:34:00.5587044Z Get:175 http://azure.archive.ubuntu.com/ubuntu noble/main amd64 libxcb-xkb1 amd64 1.15-1ubuntu2 [32.3 kB]
2026-10-07T10:34:00.6074190Z Get:176 http://azure.archive.ubuntu.com/ubuntu noble/main amd64 libxkbcommon-x11-0 amd64 1.6.0-1build1 [14.5 kB]
2026-10-07T10:34:00.6559821Z Get:177 http://azure.archive.ubuntu.com/ubuntu noble/universe amd64 libzbar0t64 amd64 0.23.93-4build3 [123 kB]
2026-10-07T10:34:00.7045728Z Get:178 http://azure.archive.ubuntu.com/ubuntu noble/universe amd64 libzxing3 amd64 2.2.1-3 [583 kB]
2026-10-07T10:34:00.7581058Z Get:179 http://azure.archive.ubuntu.com/ubuntu noble/main amd64 xfonts-encodings all 1:1.0.5-0ubuntu2 [578 kB]
2026-10-07T10:34:00.8115130Z Get:180 http://azure.archive.ubuntu.com/ubuntu noble/main amd64 xfonts-utils amd64 1:7.7+6build3 [94.4 kB]
2026-10-07T10:34:00.8605238Z Get:181 http://azure.archive.ubuntu.com/ubuntu noble/universe amd64 xfonts-cyrillic all 1:1.0.5+nmu1 [384 kB]
2026-10-07T10:34:00.9137731Z Get:182 http://azure.archive.ubuntu.com/ubuntu noble/main amd64 xfonts-scalable all 1:1.0.3-1.3 [304 kB]
2026-10-07T10:34:00.9640673Z Get:183 http://azure.archive.ubuntu.com/ubuntu noble/universe amd64 libgstreamer-plugins-bad1.0-0 amd64 1.24.2-1ubuntu4 [797 kB]
2026-10-07T10:34:01.0185666Z Get:184 http://azure.archive.ubuntu.com/ubuntu noble/universe amd64 libdca0 amd64 0.0.7-2build1 [93.8 kB]
2026-10-07T10:34:01.0665155Z Get:185 http://azure.archive.ubuntu.com/ubuntu noble/universe amd64 libopenal1 amd64 1:1.23.1-4build1 [540 kB]
2026-10-07T10:34:01.1186525Z Get:186 http://azure.archive.ubuntu.com/ubuntu noble/main amd64 libsbc1 amd64 2.0-1build1 [33.9 kB]
2026-10-07T10:34:01.1657809Z Get:187 http://azure.archive.ubuntu.com/ubuntu noble/universe amd64 libvo-aacenc0 amd64 0.1.3-2build1 [67.8 kB]
2026-10-07T10:34:01.2141757Z Get:188 http://azure.archive.ubuntu.com/ubuntu noble/universe amd64 libvo-amrwbenc0 amd64 0.1.3-2build1 [76.7 kB]
2026-10-07T10:34:01.2621287Z Get:189 http://azure.archive.ubuntu.com/ubuntu noble/universe amd64 gstreamer1.0-plugins-bad amd64 1.24.2-1ubuntu4 [3081 kB]
2026-10-07T10:34:01.7874863Z Fetched 126 MB in 11s (10.9 MB/s)
2026-10-07T10:34:01.8143552Z Selecting previously unselected package fonts-ipafont-gothic.
2026-10-07T10:34:01.8370724Z (Reading database ... 
2026-10-07T10:34:01.8371229Z (Reading database ... 5%
2026-10-07T10:34:01.8371687Z (Reading database ... 10%
2026-10-07T10:34:01.8372210Z (Reading database ... 15%
2026-10-07T10:34:01.8372591Z (Reading database ... 20%
2026-10-07T10:34:01.8372954Z (Reading database ... 25%
2026-10-07T10:34:01.8373322Z (Reading database ... 30%
2026-10-07T10:34:01.8373683Z (Reading database ... 35%
2026-10-07T10:34:01.8374049Z (Reading database ... 40%
2026-10-07T10:34:01.8374415Z (Reading database ... 45%
2026-10-07T10:34:01.8374777Z (Reading database ... 50%
2026-10-07T10:34:01.8400671Z (Reading database ... 55%
2026-10-07T10:34:01.9602175Z (Reading database ... 60%
2026-10-07T10:34:02.1619535Z (Reading database ... 65%
2026-10-07T10:34:02.3675320Z (Reading database ... 70%
2026-10-07T10:34:02.5717103Z (Reading database ... 75%
2026-10-07T10:34:02.7144551Z (Reading database ... 80%
2026-10-07T10:34:02.9217086Z (Reading database ... 85%
2026-10-07T10:34:03.1139782Z (Reading database ... 90%
2026-10-07T10:34:03.3204765Z (Reading database ... 95%
2026-10-07T10:34:03.3205281Z (Reading database ... 100%
2026-10-07T10:34:03.3206001Z (Reading database ... 202296 files and directories currently installed.)
2026-10-07T10:34:03.3254165Z Preparing to unpack .../000-fonts-ipafont-gothic_00303-21ubuntu1_all.deb ...
2026-10-07T10:34:03.3355006Z Unpacking fonts-ipafont-gothic (00303-21ubuntu1) ...
2026-10-07T10:34:03.6123080Z Selecting previously unselected package fonts-freefont-ttf.
2026-10-07T10:34:03.6257819Z Preparing to unpack .../001-fonts-freefont-ttf_20211204+svn4273-2_all.deb ...
2026-10-07T10:34:03.6263885Z Unpacking fonts-freefont-ttf (20211204+svn4273-2) ...
2026-10-07T10:34:03.7149776Z Selecting previously unselected package fonts-tlwg-loma-otf.
2026-10-07T10:34:03.7284083Z Preparing to unpack .../002-fonts-tlwg-loma-otf_1%3a0.7.3-1_all.deb ...
2026-10-07T10:34:03.7290395Z Unpacking fonts-tlwg-loma-otf (1:0.7.3-1) ...
2026-10-07T10:34:03.7509549Z Selecting previously unselected package fonts-unifont.
2026-10-07T10:34:03.7641802Z Preparing to unpack .../003-fonts-unifont_1%3a15.1.01-1build1_all.deb ...
2026-10-07T10:34:03.7648635Z Unpacking fonts-unifont (1:15.1.01-1build1) ...
2026-10-07T10:34:03.8750855Z Selecting previously unselected package fonts-wqy-zenhei.
2026-10-07T10:34:03.8884198Z Preparing to unpack .../004-fonts-wqy-zenhei_0.9.45-8_all.deb ...
2026-10-07T10:34:03.8995265Z Unpacking fonts-wqy-zenhei (0.9.45-8) ...
2026-10-07T10:34:04.3992754Z Selecting previously unselected package libproxy1v5:amd64.
2026-10-07T10:34:04.4128141Z Preparing to unpack .../005-libproxy1v5_0.5.4-4build1_amd64.deb ...
2026-10-07T10:34:04.4141748Z Unpacking libproxy1v5:amd64 (0.5.4-4build1) ...
2026-10-07T10:34:04.4355002Z Selecting previously unselected package glib-networking-common.
2026-10-07T10:34:04.4489669Z Preparing to unpack .../006-glib-networking-common_2.80.0-1build1_all.deb ...
2026-10-07T10:34:04.4495352Z Unpacking glib-networking-common (2.80.0-1build1) ...
2026-10-07T10:34:04.4700874Z Selecting previously unselected package glib-networking-services.
2026-10-07T10:34:04.4834456Z Preparing to unpack .../007-glib-networking-services_2.80.0-1build1_amd64.deb ...
2026-10-07T10:34:04.4840953Z Unpacking glib-networking-services (2.80.0-1build1) ...
2026-10-07T10:34:04.5060012Z Selecting previously unselected package session-migration.
2026-10-07T10:34:04.5196865Z Preparing to unpack .../008-session-migration_0.3.9build1_amd64.deb ...
2026-10-07T10:34:04.5202616Z Unpacking session-migration (0.3.9build1) ...
2026-10-07T10:34:04.5439425Z Selecting previously unselected package gsettings-desktop-schemas.
2026-10-07T10:34:04.5576285Z Preparing to unpack .../009-gsettings-desktop-schemas_46.1-0ubuntu1_all.deb ...
2026-10-07T10:34:04.5582849Z Unpacking gsettings-desktop-schemas (46.1-0ubuntu1) ...
2026-10-07T10:34:04.5957073Z Selecting previously unselected package glib-networking:amd64.
2026-10-07T10:34:04.6093345Z Preparing to unpack .../010-glib-networking_2.80.0-1build1_amd64.deb ...
2026-10-07T10:34:04.6100784Z Unpacking glib-networking:amd64 (2.80.0-1build1) ...
2026-10-07T10:34:04.6328772Z Selecting previously unselected package libva2:amd64.
2026-10-07T10:34:04.6464844Z Preparing to unpack .../011-libva2_2.20.0-2ubuntu0.2_amd64.deb ...
2026-10-07T10:34:04.6473461Z Unpacking libva2:amd64 (2.20.0-2ubuntu0.2) ...
2026-10-07T10:34:04.6713726Z Selecting previously unselected package libva-drm2:amd64.
2026-10-07T10:34:04.6842098Z Preparing to unpack .../012-libva-drm2_2.20.0-2ubuntu0.2_amd64.deb ...
2026-10-07T10:34:04.6849366Z Unpacking libva-drm2:amd64 (2.20.0-2ubuntu0.2) ...
2026-10-07T10:34:04.7064466Z Selecting previously unselected package libva-x11-2:amd64.
2026-10-07T10:34:04.7199570Z Preparing to unpack .../013-libva-x11-2_2.20.0-2ubuntu0.2_amd64.deb ...
2026-10-07T10:34:04.7206436Z Unpacking libva-x11-2:amd64 (2.20.0-2ubuntu0.2) ...
2026-10-07T10:34:04.7419284Z Selecting previously unselected package libvdpau1:amd64.
2026-10-07T10:34:04.7553040Z Preparing to unpack .../014-libvdpau1_1.5-2build1_amd64.deb ...
2026-10-07T10:34:04.7559804Z Unpacking libvdpau1:amd64 (1.5-2build1) ...
2026-10-07T10:34:04.7777436Z Selecting previously unselected package libvpl2.
2026-10-07T10:34:04.7911117Z Preparing to unpack .../015-libvpl2_2023.3.0-1build1_amd64.deb ...
2026-10-07T10:34:04.7917761Z Unpacking libvpl2 (2023.3.0-1build1) ...
2026-10-07T10:34:04.8142146Z Selecting previously unselected package ocl-icd-libopencl1:amd64.
2026-10-07T10:34:04.8275101Z Preparing to unpack .../016-ocl-icd-libopencl1_2.3.2-1build1_amd64.deb ...
2026-10-07T10:34:04.8281291Z Unpacking ocl-icd-libopencl1:amd64 (2.3.2-1build1) ...
2026-10-07T10:34:04.8560908Z Selecting previously unselected package libavutil58:amd64.
2026-10-07T10:34:04.8694538Z Preparing to unpack .../017-libavutil58_7%3a6.1.1-3ubuntu5_amd64.deb ...
2026-10-07T10:34:04.8700849Z Unpacking libavutil58:amd64 (7:6.1.1-3ubuntu5) ...
2026-10-07T10:34:04.8956497Z Selecting previously unselected package libcodec2-1.2:amd64.
2026-10-07T10:34:04.9090149Z Preparing to unpack .../018-libcodec2-1.2_1.2.0-2build1_amd64.deb ...
2026-10-07T10:34:04.9096986Z Unpacking libcodec2-1.2:amd64 (1.2.0-2build1) ...
2026-10-07T10:34:04.9835013Z Selecting previously unselected package libdav1d7:amd64.
2026-10-07T10:34:04.9969392Z Preparing to unpack .../019-libdav1d7_1.4.1-1build1_amd64.deb ...
2026-10-07T10:34:04.9977044Z Unpacking libdav1d7:amd64 (1.4.1-1build1) ...
2026-10-07T10:34:05.0284757Z Selecting previously unselected package libgsm1:amd64.
2026-10-07T10:34:05.0416987Z Preparing to unpack .../020-libgsm1_1.0.22-1build1_amd64.deb ...
2026-10-07T10:34:05.0424557Z Unpacking libgsm1:amd64 (1.0.22-1build1) ...
2026-10-07T10:34:05.0631712Z Selecting previously unselected package libhwy1t64:amd64.
2026-10-07T10:34:05.0765164Z Preparing to unpack .../021-libhwy1t64_1.0.7-8.1build1_amd64.deb ...
2026-10-07T10:34:05.0772467Z Unpacking libhwy1t64:amd64 (1.0.7-8.1build1) ...
2026-10-07T10:34:05.1095244Z Selecting previously unselected package libjxl0.7:amd64.
2026-10-07T10:34:05.1228868Z Preparing to unpack .../022-libjxl0.7_0.7.0-10.2ubuntu6.1_amd64.deb ...
2026-10-07T10:34:05.1235308Z Unpacking libjxl0.7:amd64 (0.7.0-10.2ubuntu6.1) ...
2026-10-07T10:34:05.1584151Z Selecting previously unselected package libmp3lame0:amd64.
2026-10-07T10:34:05.1718323Z Preparing to unpack .../023-libmp3lame0_3.100-6build1_amd64.deb ...
2026-10-07T10:34:05.1725375Z Unpacking libmp3lame0:amd64 (3.100-6build1) ...
2026-10-07T10:34:05.1954334Z Selecting previously unselected package libopus0:amd64.
2026-10-07T10:34:05.2088638Z Preparing to unpack .../024-libopus0_1.4-1build1_amd64.deb ...
2026-10-07T10:34:05.2095584Z Unpacking libopus0:amd64 (1.4-1build1) ...
2026-10-07T10:34:05.2331551Z Selecting previously unselected package librav1e0:amd64.
2026-10-07T10:34:05.2466104Z Preparing to unpack .../025-librav1e0_0.7.1-2_amd64.deb ...
2026-10-07T10:34:05.2473617Z Unpacking librav1e0:amd64 (0.7.1-2) ...
2026-10-07T10:34:05.2820626Z Selecting previously unselected package librsvg2-2:amd64.
2026-10-07T10:34:05.2953787Z Preparing to unpack .../026-librsvg2-2_2.58.0+dfsg-1ubuntu0.1_amd64.deb ...
2026-10-07T10:34:05.2960798Z Unpacking librsvg2-2:amd64 (2.58.0+dfsg-1ubuntu0.1) ...
2026-10-07T10:34:05.3445306Z Selecting previously unselected package libshine3:amd64.
2026-10-07T10:34:05.3580805Z Preparing to unpack .../027-libshine3_3.1.1-2build1_amd64.deb ...
2026-10-07T10:34:05.3587818Z Unpacking libshine3:amd64 (3.1.1-2build1) ...
2026-10-07T10:34:05.3796582Z Selecting previously unselected package libspeex1:amd64.
2026-10-07T10:34:05.3931894Z Preparing to unpack .../028-libspeex1_1.2.1-2ubuntu2.24.04.1_amd64.deb ...
2026-10-07T10:34:05.3939283Z Unpacking libspeex1:amd64 (1.2.1-2ubuntu2.24.04.1) ...
2026-10-07T10:34:05.4223877Z Selecting previously unselected package libsvtav1enc1d1:amd64.
2026-10-07T10:34:05.4360590Z Preparing to unpack .../029-libsvtav1enc1d1_1.7.0+dfsg-2build1_amd64.deb ...
2026-10-07T10:34:05.4367093Z Unpacking libsvtav1enc1d1:amd64 (1.7.0+dfsg-2build1) ...
2026-10-07T10:34:05.4869740Z Selecting previously unselected package libsoxr0:amd64.
2026-10-07T10:34:05.5005046Z Preparing to unpack .../030-libsoxr0_0.1.3-4build3_amd64.deb ...
2026-10-07T10:34:05.5012738Z Unpacking libsoxr0:amd64 (0.1.3-4build3) ...
2026-10-07T10:34:05.5239788Z Selecting previously unselected package libswresample4:amd64.
2026-10-07T10:34:05.5373981Z Preparing to unpack .../031-libswresample4_7%3a6.1.1-3ubuntu5_amd64.deb ...
2026-10-07T10:34:05.5381558Z Unpacking libswresample4:amd64 (7:6.1.1-3ubuntu5) ...
2026-10-07T10:34:05.5609875Z Selecting previously unselected package libtheora0:amd64.
2026-10-07T10:34:05.5743261Z Preparing to unpack .../032-libtheora0_1.1.1+dfsg.1-16.1build3_amd64.deb ...
2026-10-07T10:34:05.5750731Z Unpacking libtheora0:amd64 (1.1.1+dfsg.1-16.1build3) ...
2026-10-07T10:34:05.5995316Z Selecting previously unselected package libtwolame0:amd64.
2026-10-07T10:34:05.6130559Z Preparing to unpack .../033-libtwolame0_0.4.0-2build3_amd64.deb ...
2026-10-07T10:34:05.6139418Z Unpacking libtwolame0:amd64 (0.4.0-2build3) ...
2026-10-07T10:34:05.6365527Z Selecting previously unselected package libvorbisenc2:amd64.
2026-10-07T10:34:05.6500394Z Preparing to unpack .../034-libvorbisenc2_1.3.7-1build3_amd64.deb ...
2026-10-07T10:34:05.6507383Z Unpacking libvorbisenc2:amd64 (1.3.7-1build3) ...
2026-10-07T10:34:05.6744727Z Selecting previously unselected package libvpx9:amd64.
2026-10-07T10:34:05.6879448Z Preparing to unpack .../035-libvpx9_1.14.0-1ubuntu2.3_amd64.deb ...
2026-10-07T10:34:05.6886243Z Unpacking libvpx9:amd64 (1.14.0-1ubuntu2.3) ...
2026-10-07T10:34:05.7232298Z Selecting previously unselected package libx264-164:amd64.
2026-10-07T10:34:05.7366008Z Preparing to unpack .../036-libx264-164_2%3a0.164.3108+git31e19f9-1_amd64.deb ...
2026-10-07T10:34:05.7373563Z Unpacking libx264-164:amd64 (2:0.164.3108+git31e19f9-1) ...
2026-10-07T10:34:05.7663161Z Selecting previously unselected package libx265-199:amd64.
2026-10-07T10:34:05.7797452Z Preparing to unpack .../037-libx265-199_3.5-2build1_amd64.deb ...
2026-10-07T10:34:05.7805158Z Unpacking libx265-199:amd64 (3.5-2build1) ...
2026-10-07T10:34:05.8492759Z Selecting previously unselected package libxvidcore4:amd64.
2026-10-07T10:34:05.8629383Z Preparing to unpack .../038-libxvidcore4_2%3a1.3.7-1build1_amd64.deb ...
2026-10-07T10:34:05.8638007Z Unpacking libxvidcore4:amd64 (2:1.3.7-1build1) ...
2026-10-07T10:34:05.8878036Z Selecting previously unselected package libzvbi-common.
2026-10-07T10:34:05.9013582Z Preparing to unpack .../039-libzvbi-common_0.2.42-2_all.deb ...
2026-10-07T10:34:05.9020242Z Unpacking libzvbi-common (0.2.42-2) ...
2026-10-07T10:34:05.9655893Z Selecting previously unselected package libzvbi0t64:amd64.
2026-10-07T10:34:05.9789692Z Preparing to unpack .../040-libzvbi0t64_0.2.42-2_amd64.deb ...
2026-10-07T10:34:05.9795963Z Unpacking libzvbi0t64:amd64 (0.2.42-2) ...
2026-10-07T10:34:06.0049270Z Selecting previously unselected package libavcodec60:amd64.
2026-10-07T10:34:06.0184231Z Preparing to unpack .../041-libavcodec60_7%3a6.1.1-3ubuntu5_amd64.deb ...
2026-10-07T10:34:06.0190647Z Unpacking libavcodec60:amd64 (7:6.1.1-3ubuntu5) ...
2026-10-07T10:34:06.1177930Z Preparing to unpack .../042-libfreetype6_2.13.2+dfsg-1ubuntu0.2_amd64.deb ...
2026-10-07T10:34:06.1198164Z Unpacking libfreetype6:amd64 (2.13.2+dfsg-1ubuntu0.2) over (2.13.2+dfsg-1ubuntu0.1) ...
2026-10-07T10:34:06.1467343Z Selecting previously unselected package libunibreak5:amd64.
2026-10-07T10:34:06.1606730Z Preparing to unpack .../043-libunibreak5_5.1-2build1_amd64.deb ...
2026-10-07T10:34:06.1614600Z Unpacking libunibreak5:amd64 (5.1-2build1) ...
2026-10-07T10:34:06.1841589Z Selecting previously unselected package libass9:amd64.
2026-10-07T10:34:06.1978138Z Preparing to unpack .../044-libass9_1%3a0.17.1-2build1_amd64.deb ...
2026-10-07T10:34:06.1984960Z Unpacking libass9:amd64 (1:0.17.1-2build1) ...
2026-10-07T10:34:06.2227674Z Selecting previously unselected package libudfread0:amd64.
2026-10-07T10:34:06.2364395Z Preparing to unpack .../045-libudfread0_1.1.2-1build1_amd64.deb ...
2026-10-07T10:34:06.2372366Z Unpacking libudfread0:amd64 (1.1.2-1build1) ...
2026-10-07T10:34:06.2589622Z Selecting previously unselected package libbluray2:amd64.
2026-10-07T10:34:06.2725653Z Preparing to unpack .../046-libbluray2_1%3a1.3.4-1build1_amd64.deb ...
2026-10-07T10:34:06.2733640Z Unpacking libbluray2:amd64 (1:1.3.4-1build1) ...
2026-10-07T10:34:06.2958899Z Selecting previously unselected package libchromaprint1:amd64.
2026-10-07T10:34:06.3093708Z Preparing to unpack .../047-libchromaprint1_1.5.1-5_amd64.deb ...
2026-10-07T10:34:06.3100940Z Unpacking libchromaprint1:amd64 (1.5.1-5) ...
2026-10-07T10:34:06.3332262Z Selecting previously unselected package libgme0:amd64.
2026-10-07T10:34:06.3468677Z Preparing to unpack .../048-libgme0_0.6.3-7build1_amd64.deb ...
2026-10-07T10:34:06.3476589Z Unpacking libgme0:amd64 (0.6.3-7build1) ...
2026-10-07T10:34:06.3711255Z Selecting previously unselected package libmpg123-0t64:amd64.
2026-10-07T10:34:06.3846196Z Preparing to unpack .../049-libmpg123-0t64_1.32.5-1ubuntu1.1_amd64.deb ...
2026-10-07T10:34:06.3853295Z Unpacking libmpg123-0t64:amd64 (1.32.5-1ubuntu1.1) ...
2026-10-07T10:34:06.5324405Z Selecting previously unselected package libopenmpt0t64:amd64.
2026-10-07T10:34:06.5457699Z Preparing to unpack .../050-libopenmpt0t64_0.7.3-1.1build3_amd64.deb ...
2026-10-07T10:34:06.5464254Z Unpacking libopenmpt0t64:amd64 (0.7.3-1.1build3) ...
2026-10-07T10:34:06.5739768Z Selecting previously unselected package libcjson1:amd64.
2026-10-07T10:34:06.5873006Z Preparing to unpack .../051-libcjson1_1.7.17-1_amd64.deb ...
2026-10-07T10:34:06.5881309Z Unpacking libcjson1:amd64 (1.7.17-1) ...
2026-10-07T10:34:06.6094023Z Selecting previously unselected package libmbedcrypto7t64:amd64.
2026-10-07T10:34:06.6228172Z Preparing to unpack .../052-libmbedcrypto7t64_2.28.8-1_amd64.deb ...
2026-10-07T10:34:06.6234431Z Unpacking libmbedcrypto7t64:amd64 (2.28.8-1) ...
2026-10-07T10:34:06.7008560Z Selecting previously unselected package librist4:amd64.
2026-10-07T10:34:06.7144919Z Preparing to unpack .../053-librist4_0.2.10+dfsg-2_amd64.deb ...
2026-10-07T10:34:06.7151732Z Unpacking librist4:amd64 (0.2.10+dfsg-2) ...
2026-10-07T10:34:06.7366411Z Selecting previously unselected package libsrt1.5-gnutls:amd64.
2026-10-07T10:34:06.7500147Z Preparing to unpack .../054-libsrt1.5-gnutls_1.5.3-1build2_amd64.deb ...
2026-10-07T10:34:06.7506024Z Unpacking libsrt1.5-gnutls:amd64 (1.5.3-1build2) ...
2026-10-07T10:34:06.7742382Z Selecting previously unselected package libssh-gcrypt-4:amd64.
2026-10-07T10:34:06.7876614Z Preparing to unpack .../055-libssh-gcrypt-4_0.10.6-2ubuntu0.5_amd64.deb ...
2026-10-07T10:34:06.7882942Z Unpacking libssh-gcrypt-4:amd64 (0.10.6-2ubuntu0.5) ...
2026-10-07T10:34:06.8112420Z Selecting previously unselected package libavformat60:amd64.
2026-10-07T10:34:06.8246461Z Preparing to unpack .../056-libavformat60_7%3a6.1.1-3ubuntu5_amd64.deb ...
2026-10-07T10:34:06.8253010Z Unpacking libavformat60:amd64 (7:6.1.1-3ubuntu5) ...
2026-10-07T10:34:06.8592727Z Selecting previously unselected package libbs2b0:amd64.
2026-10-07T10:34:06.8728949Z Preparing to unpack .../057-libbs2b0_3.1.0+dfsg-7build1_amd64.deb ...
2026-10-07T10:34:06.8736552Z Unpacking libbs2b0:amd64 (3.1.0+dfsg-7build1) ...
2026-10-07T10:34:06.8967856Z Selecting previously unselected package libflite1:amd64.
2026-10-07T10:34:06.9100504Z Preparing to unpack .../058-libflite1_2.2-6build3_amd64.deb ...
2026-10-07T10:34:06.9106914Z Unpacking libflite1:amd64 (2.2-6build3) ...
2026-10-07T10:34:07.0372678Z Selecting previously unselected package libserd-0-0:amd64.
2026-10-07T10:34:07.0506168Z Preparing to unpack .../059-libserd-0-0_0.32.2-1_amd64.deb ...
2026-10-07T10:34:07.0513610Z Unpacking libserd-0-0:amd64 (0.32.2-1) ...
2026-10-07T10:34:07.0728823Z Selecting previously unselected package libzix-0-0:amd64.
2026-10-07T10:34:07.0861643Z Preparing to unpack .../060-libzix-0-0_0.4.2-2build1_amd64.deb ...
2026-10-07T10:34:07.0868441Z Unpacking libzix-0-0:amd64 (0.4.2-2build1) ...
2026-10-07T10:34:07.1083166Z Selecting previously unselected package libsord-0-0:amd64.
2026-10-07T10:34:07.1217185Z Preparing to unpack .../061-libsord-0-0_0.16.16-2build1_amd64.deb ...
2026-10-07T10:34:07.1224019Z Unpacking libsord-0-0:amd64 (0.16.16-2build1) ...
2026-10-07T10:34:07.1431716Z Selecting previously unselected package libsratom-0-0:amd64.
2026-10-07T10:34:07.1566119Z Preparing to unpack .../062-libsratom-0-0_0.6.16-1build1_amd64.deb ...
2026-10-07T10:34:07.1572818Z Unpacking libsratom-0-0:amd64 (0.6.16-1build1) ...
2026-10-07T10:34:07.1784575Z Selecting previously unselected package liblilv-0-0:amd64.
2026-10-07T10:34:07.1918677Z Preparing to unpack .../063-liblilv-0-0_0.24.22-1build1_amd64.deb ...
2026-10-07T10:34:07.1924978Z Unpacking liblilv-0-0:amd64 (0.24.22-1build1) ...
2026-10-07T10:34:07.2132903Z Selecting previously unselected package libmysofa1:amd64.
2026-10-07T10:34:07.2265706Z Preparing to unpack .../064-libmysofa1_1.3.2+dfsg-2ubuntu2_amd64.deb ...
2026-10-07T10:34:07.2271991Z Unpacking libmysofa1:amd64 (1.3.2+dfsg-2ubuntu2) ...
2026-10-07T10:34:07.2522413Z Selecting previously unselected package libplacebo338:amd64.
2026-10-07T10:34:07.2656333Z Preparing to unpack .../065-libplacebo338_6.338.2-2build1_amd64.deb ...
2026-10-07T10:34:07.2663782Z Unpacking libplacebo338:amd64 (6.338.2-2build1) ...
2026-10-07T10:34:07.3238841Z Selecting previously unselected package libblas3:amd64.
2026-10-07T10:34:07.3371359Z Preparing to unpack .../066-libblas3_3.12.0-3build1.1_amd64.deb ...
2026-10-07T10:34:07.3403257Z Unpacking libblas3:amd64 (3.12.0-3build1.1) ...
2026-10-07T10:34:07.3643389Z Selecting previously unselected package liblapack3:amd64.
2026-10-07T10:34:07.3777826Z Preparing to unpack .../067-liblapack3_3.12.0-3build1.1_amd64.deb ...
2026-10-07T10:34:07.3810326Z Unpacking liblapack3:amd64 (3.12.0-3build1.1) ...
2026-10-07T10:34:07.4292514Z Selecting previously unselected package libasyncns0:amd64.
2026-10-07T10:34:07.4426555Z Preparing to unpack .../068-libasyncns0_0.8-6build4_amd64.deb ...
2026-10-07T10:34:07.4434049Z Unpacking libasyncns0:amd64 (0.8-6build4) ...
2026-10-07T10:34:07.4641891Z Selecting previously unselected package libflac12t64:amd64.
2026-10-07T10:34:07.4775778Z Preparing to unpack .../069-libflac12t64_1.4.3+ds-2.1ubuntu2_amd64.deb ...
2026-10-07T10:34:07.4782815Z Unpacking libflac12t64:amd64 (1.4.3+ds-2.1ubuntu2) ...
2026-10-07T10:34:07.5010330Z Selecting previously unselected package libsndfile1:amd64.
2026-10-07T10:34:07.5143289Z Preparing to unpack .../070-libsndfile1_1.2.2-1ubuntu5.24.04.1_amd64.deb ...
2026-10-07T10:34:07.5151738Z Unpacking libsndfile1:amd64 (1.2.2-1ubuntu5.24.04.1) ...
2026-10-07T10:34:07.5396416Z Selecting previously unselected package libpulse0:amd64.
2026-10-07T10:34:07.5526970Z Preparing to unpack .../071-libpulse0_1%3a16.1+dfsg1-2ubuntu10.1_amd64.deb ...
2026-10-07T10:34:07.5594385Z Unpacking libpulse0:amd64 (1:16.1+dfsg1-2ubuntu10.1) ...
2026-10-07T10:34:07.5876814Z Selecting previously unselected package libsphinxbase3t64:amd64.
2026-10-07T10:34:07.6013341Z Preparing to unpack .../072-libsphinxbase3t64_0.8+5prealpha+1-17build2_amd64.deb ...
2026-10-07T10:34:07.6021215Z Unpacking libsphinxbase3t64:amd64 (0.8+5prealpha+1-17build2) ...
2026-10-07T10:34:07.6268806Z Selecting previously unselected package libpocketsphinx3:amd64.
2026-10-07T10:34:07.6404742Z Preparing to unpack .../073-libpocketsphinx3_0.8.0+real5prealpha+1-15ubuntu5_amd64.deb ...
2026-10-07T10:34:07.6413012Z Unpacking libpocketsphinx3:amd64 (0.8.0+real5prealpha+1-15ubuntu5) ...
2026-10-07T10:34:07.6654088Z Selecting previously unselected package libpostproc57:amd64.
2026-10-07T10:34:07.6790907Z Preparing to unpack .../074-libpostproc57_7%3a6.1.1-3ubuntu5_amd64.deb ...
2026-10-07T10:34:07.6798382Z Unpacking libpostproc57:amd64 (7:6.1.1-3ubuntu5) ...
2026-10-07T10:34:07.7028220Z Selecting previously unselected package libsamplerate0:amd64.
2026-10-07T10:34:07.7165098Z Preparing to unpack .../075-libsamplerate0_0.2.2-4build1_amd64.deb ...
2026-10-07T10:34:07.7173737Z Unpacking libsamplerate0:amd64 (0.2.2-4build1) ...
2026-10-07T10:34:07.7444815Z Selecting previously unselected package librubberband2:amd64.
2026-10-07T10:34:07.7578702Z Preparing to unpack .../076-librubberband2_3.3.0+dfsg-2build1_amd64.deb ...
2026-10-07T10:34:07.7587431Z Unpacking librubberband2:amd64 (3.3.0+dfsg-2build1) ...
2026-10-07T10:34:07.7819351Z Selecting previously unselected package libswscale7:amd64.
2026-10-07T10:34:07.7954676Z Preparing to unpack .../077-libswscale7_7%3a6.1.1-3ubuntu5_amd64.deb ...
2026-10-07T10:34:07.7962707Z Unpacking libswscale7:amd64 (7:6.1.1-3ubuntu5) ...
2026-10-07T10:34:07.8206253Z Selecting previously unselected package libvidstab1.1:amd64.
2026-10-07T10:34:07.8340899Z Preparing to unpack .../078-libvidstab1.1_1.1.0-2build1_amd64.deb ...
2026-10-07T10:34:07.8348596Z Unpacking libvidstab1.1:amd64 (1.1.0-2build1) ...
2026-10-07T10:34:07.8564174Z Selecting previously unselected package libzimg2:amd64.
2026-10-07T10:34:07.8699716Z Preparing to unpack .../079-libzimg2_3.0.5+ds1-1build1_amd64.deb ...
2026-10-07T10:34:07.8707268Z Unpacking libzimg2:amd64 (3.0.5+ds1-1build1) ...
2026-10-07T10:34:07.8966021Z Selecting previously unselected package libavfilter9:amd64.
2026-10-07T10:34:07.9103185Z Preparing to unpack .../080-libavfilter9_7%3a6.1.1-3ubuntu5_amd64.deb ...
2026-10-07T10:34:07.9111712Z Unpacking libavfilter9:amd64 (7:6.1.1-3ubuntu5) ...
2026-10-07T10:34:08.0032636Z Selecting previously unselected package liborc-0.4-0t64:amd64.
2026-10-07T10:34:08.0167104Z Preparing to unpack .../081-liborc-0.4-0t64_1%3a0.4.38-1ubuntu0.1_amd64.deb ...
2026-10-07T10:34:08.0175107Z Unpacking liborc-0.4-0t64:amd64 (1:0.4.38-1ubuntu0.1) ...
2026-10-07T10:34:08.0428180Z Selecting previously unselected package libgstreamer-plugins-base1.0-0:amd64.
2026-10-07T10:34:08.0565812Z Preparing to unpack .../082-libgstreamer-plugins-base1.0-0_1.24.2-1ubuntu0.5_amd64.deb ...
2026-10-07T10:34:08.0572960Z Unpacking libgstreamer-plugins-base1.0-0:amd64 (1.24.2-1ubuntu0.5) ...
2026-10-07T10:34:08.0908111Z Selecting previously unselected package gstreamer1.0-libav:amd64.
2026-10-07T10:34:08.1044457Z Preparing to unpack .../083-gstreamer1.0-libav_1.24.1-1build1_amd64.deb ...
2026-10-07T10:34:08.1051672Z Unpacking gstreamer1.0-libav:amd64 (1.24.1-1build1) ...
2026-10-07T10:34:08.1281382Z Selecting previously unselected package libcdparanoia0:amd64.
2026-10-07T10:34:08.1417967Z Preparing to unpack .../084-libcdparanoia0_3.10.2+debian-14build3_amd64.deb ...
2026-10-07T10:34:08.1425525Z Unpacking libcdparanoia0:amd64 (3.10.2+debian-14build3) ...
2026-10-07T10:34:08.1661289Z Selecting previously unselected package libvisual-0.4-0:amd64.
2026-10-07T10:34:08.1800594Z Preparing to unpack .../085-libvisual-0.4-0_0.4.2-2build1_amd64.deb ...
2026-10-07T10:34:08.1807787Z Unpacking libvisual-0.4-0:amd64 (0.4.2-2build1) ...
2026-10-07T10:34:08.2038494Z Selecting previously unselected package gstreamer1.0-plugins-base:amd64.
2026-10-07T10:34:08.2172313Z Preparing to unpack .../086-gstreamer1.0-plugins-base_1.24.2-1ubuntu0.5_amd64.deb ...
2026-10-07T10:34:08.2179298Z Unpacking gstreamer1.0-plugins-base:amd64 (1.24.2-1ubuntu0.5) ...
2026-10-07T10:34:08.2506439Z Selecting previously unselected package libaa1:amd64.
2026-10-07T10:34:08.2640408Z Preparing to unpack .../087-libaa1_1.4p5-51.1_amd64.deb ...
2026-10-07T10:34:08.2647678Z Unpacking libaa1:amd64 (1.4p5-51.1) ...
2026-10-07T10:34:08.2861540Z Selecting previously unselected package libraw1394-11:amd64.
2026-10-07T10:34:08.3006750Z Preparing to unpack .../088-libraw1394-11_2.1.2-2build3_amd64.deb ...
2026-10-07T10:34:08.3013212Z Unpacking libraw1394-11:amd64 (2.1.2-2build3) ...
2026-10-07T10:34:08.3223608Z Selecting previously unselected package libavc1394-0:amd64.
2026-10-07T10:34:08.3359791Z Preparing to unpack .../089-libavc1394-0_0.5.4-5build3_amd64.deb ...
2026-10-07T10:34:08.3367623Z Unpacking libavc1394-0:amd64 (0.5.4-5build3) ...
2026-10-07T10:34:08.3577236Z Selecting previously unselected package libcaca0:amd64.
2026-10-07T10:34:08.3718954Z Preparing to unpack .../090-libcaca0_0.99.beta20-4ubuntu0.2_amd64.deb ...
2026-10-07T10:34:08.3725642Z Unpacking libcaca0:amd64 (0.99.beta20-4ubuntu0.2) ...
2026-10-07T10:34:08.3974401Z Selecting previously unselected package libdv4t64:amd64.
2026-10-07T10:34:08.4112994Z Preparing to unpack .../091-libdv4t64_1.0.0-17.1build1_amd64.deb ...
2026-10-07T10:34:08.4118919Z Unpacking libdv4t64:amd64 (1.0.0-17.1build1) ...
2026-10-07T10:34:08.4338159Z Selecting previously unselected package libgstreamer-plugins-good1.0-0:amd64.
2026-10-07T10:34:08.4492481Z Preparing to unpack .../092-libgstreamer-plugins-good1.0-0_1.24.2-1ubuntu1.8_amd64.deb ...
2026-10-07T10:34:08.4507151Z Unpacking libgstreamer-plugins-good1.0-0:amd64 (1.24.2-1ubuntu1.8) ...
2026-10-07T10:34:08.4724334Z Selecting previously unselected package libiec61883-0:amd64.
2026-10-07T10:34:08.4983423Z Preparing to unpack .../093-libiec61883-0_1.2.0-6build1_amd64.deb ...
2026-10-07T10:34:08.5005079Z Unpacking libiec61883-0:amd64 (1.2.0-6build1) ...
2026-10-07T10:34:08.5460833Z Selecting previously unselected package libshout3:amd64.
2026-10-07T10:34:08.5644769Z Preparing to unpack .../094-libshout3_2.4.6-1build2_amd64.deb ...
2026-10-07T10:34:08.5651327Z Unpacking libshout3:amd64 (2.4.6-1build2) ...
2026-10-07T10:34:08.5874423Z Selecting previously unselected package libtag1v5-vanilla:amd64.
2026-10-07T10:34:08.6013577Z Preparing to unpack .../095-libtag1v5-vanilla_1.13.1-1build1_amd64.deb ...
2026-10-07T10:34:08.6021903Z Unpacking libtag1v5-vanilla:amd64 (1.13.1-1build1) ...
2026-10-07T10:34:08.6415277Z Selecting previously unselected package libtag1v5:amd64.
2026-10-07T10:34:08.6681848Z Preparing to unpack .../096-libtag1v5_1.13.1-1build1_amd64.deb ...
2026-10-07T10:34:08.6696776Z Unpacking libtag1v5:amd64 (1.13.1-1build1) ...
2026-10-07T10:34:08.6976197Z Selecting previously unselected package libv4lconvert0t64:amd64.
2026-10-07T10:34:08.7118296Z Preparing to unpack .../097-libv4lconvert0t64_1.26.1-4build3_amd64.deb ...
2026-10-07T10:34:08.7126324Z Unpacking libv4lconvert0t64:amd64 (1.26.1-4build3) ...
2026-10-07T10:34:08.7359636Z Selecting previously unselected package libv4l-0t64:amd64.
2026-10-07T10:34:08.7499175Z Preparing to unpack .../098-libv4l-0t64_1.26.1-4build3_amd64.deb ...
2026-10-07T10:34:08.7506509Z Unpacking libv4l-0t64:amd64 (1.26.1-4build3) ...
2026-10-07T10:34:08.7744434Z Selecting previously unselected package libwavpack1:amd64.
2026-10-07T10:34:08.7892441Z Preparing to unpack .../099-libwavpack1_5.6.0-1build1_amd64.deb ...
2026-10-07T10:34:08.7898556Z Unpacking libwavpack1:amd64 (5.6.0-1build1) ...
2026-10-07T10:34:08.8114443Z Selecting previously unselected package libsoup-3.0-common.
2026-10-07T10:34:08.8255038Z Preparing to unpack .../100-libsoup-3.0-common_3.4.4-5ubuntu0.9_all.deb ...
2026-10-07T10:34:08.8261108Z Unpacking libsoup-3.0-common (3.4.4-5ubuntu0.9) ...
2026-10-07T10:34:08.8465733Z Selecting previously unselected package libsoup-3.0-0:amd64.
2026-10-07T10:34:08.8605944Z Preparing to unpack .../101-libsoup-3.0-0_3.4.4-5ubuntu0.9_amd64.deb ...
2026-10-07T10:34:08.8612691Z Unpacking libsoup-3.0-0:amd64 (3.4.4-5ubuntu0.9) ...
2026-10-07T10:34:08.8862356Z Selecting previously unselected package gstreamer1.0-plugins-good:amd64.
2026-10-07T10:34:08.9003464Z Preparing to unpack .../102-gstreamer1.0-plugins-good_1.24.2-1ubuntu1.8_amd64.deb ...
2026-10-07T10:34:08.9008327Z Unpacking gstreamer1.0-plugins-good:amd64 (1.24.2-1ubuntu1.8) ...
2026-10-07T10:34:08.9610109Z Selecting previously unselected package libabsl20220623t64:amd64.
2026-10-07T10:34:08.9748431Z Preparing to unpack .../103-libabsl20220623t64_20220623.1-3.1ubuntu3.2_amd64.deb ...
2026-10-07T10:34:08.9755604Z Unpacking libabsl20220623t64:amd64 (20220623.1-3.1ubuntu3.2) ...
2026-10-07T10:34:09.0172450Z Selecting previously unselected package libgav1-1:amd64.
2026-10-07T10:34:09.0312552Z Preparing to unpack .../104-libgav1-1_0.18.0-1build3_amd64.deb ...
2026-10-07T10:34:09.0318549Z Unpacking libgav1-1:amd64 (0.18.0-1build3) ...
2026-10-07T10:34:09.0560633Z Selecting previously unselected package libyuv0:amd64.
2026-10-07T10:34:09.0701199Z Preparing to unpack .../105-libyuv0_0.0~git202401110.af6ac82-1_amd64.deb ...
2026-10-07T10:34:09.0707026Z Unpacking libyuv0:amd64 (0.0~git202401110.af6ac82-1) ...
2026-10-07T10:34:09.0933611Z Selecting previously unselected package libavif16:amd64.
2026-10-07T10:34:09.1077240Z Preparing to unpack .../106-libavif16_1.0.4-1ubuntu3_amd64.deb ...
2026-10-07T10:34:09.1085041Z Unpacking libavif16:amd64 (1.0.4-1ubuntu3) ...
2026-10-07T10:34:09.1304464Z Selecting previously unselected package libavtp0:amd64.
2026-10-07T10:34:09.1444615Z Preparing to unpack .../107-libavtp0_0.2.0-1build1_amd64.deb ...
2026-10-07T10:34:09.1451595Z Unpacking libavtp0:amd64 (0.2.0-1build1) ...
2026-10-07T10:34:09.1657071Z Selecting previously unselected package libcairo-script-interpreter2:amd64.
2026-10-07T10:34:09.1797056Z Preparing to unpack .../108-libcairo-script-interpreter2_1.18.0-3build1_amd64.deb ...
2026-10-07T10:34:09.1804517Z Unpacking libcairo-script-interpreter2:amd64 (1.18.0-3build1) ...
2026-10-07T10:34:09.2026960Z Selecting previously unselected package libdc1394-25:amd64.
2026-10-07T10:34:09.2164203Z Preparing to unpack .../109-libdc1394-25_2.2.6-4build1_amd64.deb ...
2026-10-07T10:34:09.2172897Z Unpacking libdc1394-25:amd64 (2.2.6-4build1) ...
2026-10-07T10:34:09.2394394Z Selecting previously unselected package libde265-0:amd64.
2026-10-07T10:34:09.2532065Z Preparing to unpack .../110-libde265-0_1.0.15-1ubuntu0.1_amd64.deb ...
2026-10-07T10:34:09.2538812Z Unpacking libde265-0:amd64 (1.0.15-1ubuntu0.1) ...
2026-10-07T10:34:09.2765330Z Selecting previously unselected package libdecor-0-0:amd64.
2026-10-07T10:34:09.2903135Z Preparing to unpack .../111-libdecor-0-0_0.2.2-1build2_amd64.deb ...
2026-10-07T10:34:09.2913747Z Unpacking libdecor-0-0:amd64 (0.2.2-1build2) ...
2026-10-07T10:34:09.3126900Z Selecting previously unselected package libgles2:amd64.
2026-10-07T10:34:09.3270848Z Preparing to unpack .../112-libgles2_1.7.0-1build1_amd64.deb ...
2026-10-07T10:34:09.3278880Z Unpacking libgles2:amd64 (1.7.0-1build1) ...
2026-10-07T10:34:09.3506454Z Selecting previously unselected package libdirectfb-1.7-7t64:amd64.
2026-10-07T10:34:09.3644433Z Preparing to unpack .../113-libdirectfb-1.7-7t64_1.7.7-11.1ubuntu2_amd64.deb ...
2026-10-07T10:34:09.3652724Z Unpacking libdirectfb-1.7-7t64:amd64 (1.7.7-11.1ubuntu2) ...
2026-10-07T10:34:09.4066042Z Selecting previously unselected package libdvdread8t64:amd64.
2026-10-07T10:34:09.4208738Z Preparing to unpack .../114-libdvdread8t64_6.1.3-1.1build1_amd64.deb ...
2026-10-07T10:34:09.4215584Z Unpacking libdvdread8t64:amd64 (6.1.3-1.1build1) ...
2026-10-07T10:34:09.4451661Z Selecting previously unselected package libdvdnav4:amd64.
2026-10-07T10:34:09.4593475Z Preparing to unpack .../115-libdvdnav4_6.1.1-3build1_amd64.deb ...
2026-10-07T10:34:09.4601243Z Unpacking libdvdnav4:amd64 (6.1.1-3build1) ...
2026-10-07T10:34:09.4980810Z Preparing to unpack .../116-libgl1-mesa-dri_25.2.8-0ubuntu0.24.04.4_amd64.deb ...
2026-10-07T10:34:09.5151546Z Unpacking libgl1-mesa-dri:amd64 (25.2.8-0ubuntu0.24.04.4) over (25.2.8-0ubuntu0.24.04.2) ...
2026-10-07T10:34:09.5789609Z Preparing to unpack .../117-libglx-mesa0_25.2.8-0ubuntu0.24.04.4_amd64.deb ...
2026-10-07T10:34:09.5807638Z Unpacking libglx-mesa0:amd64 (25.2.8-0ubuntu0.24.04.4) over (25.2.8-0ubuntu0.24.04.2) ...
2026-10-07T10:34:09.6411947Z Preparing to unpack .../118-libgbm1_25.2.8-0ubuntu0.24.04.4_amd64.deb ...
2026-10-07T10:34:09.6551931Z Unpacking libgbm1:amd64 (25.2.8-0ubuntu0.24.04.4) over (25.2.8-0ubuntu0.24.04.2) ...
2026-10-07T10:34:09.7003840Z Preparing to unpack .../119-mesa-libgallium_25.2.8-0ubuntu0.24.04.4_amd64.deb ...
2026-10-07T10:34:09.7036291Z Unpacking mesa-libgallium:amd64 (25.2.8-0ubuntu0.24.04.4) over (25.2.8-0ubuntu0.24.04.2) ...
2026-10-07T10:34:10.1144967Z Selecting previously unselected package libegl-mesa0:amd64.
2026-10-07T10:34:10.1284503Z Preparing to unpack .../120-libegl-mesa0_25.2.8-0ubuntu0.24.04.4_amd64.deb ...
2026-10-07T10:34:10.2069559Z Unpacking libegl-mesa0:amd64 (25.2.8-0ubuntu0.24.04.4) ...
2026-10-07T10:34:10.3335133Z Selecting previously unselected package libevent-2.1-7t64:amd64.
2026-10-07T10:34:10.3470871Z Preparing to unpack .../121-libevent-2.1-7t64_2.1.12-stable-9ubuntu2.2_amd64.deb ...
2026-10-07T10:34:10.3477346Z Unpacking libevent-2.1-7t64:amd64 (2.1.12-stable-9ubuntu2.2) ...
2026-10-07T10:34:10.3840588Z Preparing to unpack .../122-libevent-pthreads-2.1-7t64_2.1.12-stable-9ubuntu2.2_amd64.deb ...
2026-10-07T10:34:10.3911331Z Unpacking libevent-pthreads-2.1-7t64:amd64 (2.1.12-stable-9ubuntu2.2) over (2.1.12-stable-9ubuntu2.1) ...
2026-10-07T10:34:10.4291669Z Preparing to unpack .../123-libevent-core-2.1-7t64_2.1.12-stable-9ubuntu2.2_amd64.deb ...
2026-10-07T10:34:10.4359928Z Unpacking libevent-core-2.1-7t64:amd64 (2.1.12-stable-9ubuntu2.2) over (2.1.12-stable-9ubuntu2.1) ...
2026-10-07T10:34:10.4600392Z Selecting previously unselected package libfaad2:amd64.
2026-10-07T10:34:10.4742535Z Preparing to unpack .../124-libfaad2_2.11.1-1build1_amd64.deb ...
2026-10-07T10:34:10.4749883Z Unpacking libfaad2:amd64 (2.11.1-1build1) ...
2026-10-07T10:34:10.4996676Z Selecting previously unselected package libinstpatch-1.0-2:amd64.
2026-10-07T10:34:10.5135551Z Preparing to unpack .../125-libinstpatch-1.0-2_1.1.6-1build2_amd64.deb ...
2026-10-07T10:34:10.5143485Z Unpacking libinstpatch-1.0-2:amd64 (1.1.6-1build2) ...
2026-10-07T10:34:10.5392818Z Selecting previously unselected package libjack-jackd2-0:amd64.
2026-10-07T10:34:10.5529790Z Preparing to unpack .../126-libjack-jackd2-0_1.9.21~dfsg-3ubuntu3_amd64.deb ...
2026-10-07T10:34:10.5537353Z Unpacking libjack-jackd2-0:amd64 (1.9.21~dfsg-3ubuntu3) ...
2026-10-07T10:34:10.5802090Z Selecting previously unselected package libwebrtc-audio-processing1:amd64.
2026-10-07T10:34:10.5936928Z Preparing to unpack .../127-libwebrtc-audio-processing1_0.3.1-0ubuntu6_amd64.deb ...
2026-10-07T10:34:10.5944744Z Unpacking libwebrtc-audio-processing1:amd64 (0.3.1-0ubuntu6) ...
2026-10-07T10:34:10.6190627Z Selecting previously unselected package libspa-0.2-modules:amd64.
2026-10-07T10:34:10.6325507Z Preparing to unpack .../128-libspa-0.2-modules_1.0.5-1ubuntu3.3_amd64.deb ...
2026-10-07T10:34:10.6332620Z Unpacking libspa-0.2-modules:amd64 (1.0.5-1ubuntu3.3) ...
2026-10-07T10:34:10.6662528Z Selecting previously unselected package libpipewire-0.3-0t64:amd64.
2026-10-07T10:34:10.6797615Z Preparing to unpack .../129-libpipewire-0.3-0t64_1.0.5-1ubuntu3.3_amd64.deb ...
2026-10-07T10:34:10.6805507Z Unpacking libpipewire-0.3-0t64:amd64 (1.0.5-1ubuntu3.3) ...
2026-10-07T10:34:10.7062574Z Selecting previously unselected package libsdl2-2.0-0:amd64.
2026-10-07T10:34:10.7199799Z Preparing to unpack .../130-libsdl2-2.0-0_2.30.0+dfsg-1ubuntu3.1_amd64.deb ...
2026-10-07T10:34:10.7207168Z Unpacking libsdl2-2.0-0:amd64 (2.30.0+dfsg-1ubuntu3.1) ...
2026-10-07T10:34:10.7509463Z Selecting previously unselected package timgm6mb-soundfont.
2026-10-07T10:34:10.7646696Z Preparing to unpack .../131-timgm6mb-soundfont_1.3-5_all.deb ...
2026-10-07T10:34:10.7653462Z Unpacking timgm6mb-soundfont (1.3-5) ...
2026-10-07T10:34:11.1329704Z Selecting previously unselected package libfluidsynth3:amd64.
2026-10-07T10:34:11.1466298Z Preparing to unpack .../132-libfluidsynth3_2.3.4-1build3_amd64.deb ...
2026-10-07T10:34:11.1475190Z Unpacking libfluidsynth3:amd64 (2.3.4-1build3) ...
2026-10-07T10:34:11.1739858Z Selecting previously unselected package libfreeaptx0:amd64.
2026-10-07T10:34:11.1876767Z Preparing to unpack .../133-libfreeaptx0_0.1.1-2build1_amd64.deb ...
2026-10-07T10:34:11.1885282Z Unpacking libfreeaptx0:amd64 (0.1.1-2build1) ...
2026-10-07T10:34:11.2098728Z Selecting previously unselected package libgraphene-1.0-0:amd64.
2026-10-07T10:34:11.2233800Z Preparing to unpack .../134-libgraphene-1.0-0_1.10.8-3build2_amd64.deb ...
2026-10-07T10:34:11.2241939Z Unpacking libgraphene-1.0-0:amd64 (1.10.8-3build2) ...
2026-10-07T10:34:11.2461661Z Selecting previously unselected package libgssdp-1.6-0:amd64.
2026-10-07T10:34:11.2597715Z Preparing to unpack .../135-libgssdp-1.6-0_1.6.3-1build3_amd64.deb ...
2026-10-07T10:34:11.2606183Z Unpacking libgssdp-1.6-0:amd64 (1.6.3-1build3) ...
2026-10-07T10:34:11.2842299Z Selecting previously unselected package libegl1:amd64.
2026-10-07T10:34:11.2977449Z Preparing to unpack .../136-libegl1_1.7.0-1build1_amd64.deb ...
2026-10-07T10:34:11.2986279Z Unpacking libegl1:amd64 (1.7.0-1build1) ...
2026-10-07T10:34:11.3230016Z Selecting previously unselected package libgstreamer-gl1.0-0:amd64.
2026-10-07T10:34:11.3371230Z Preparing to unpack .../137-libgstreamer-gl1.0-0_1.24.2-1ubuntu0.5_amd64.deb ...
2026-10-07T10:34:11.3379282Z Unpacking libgstreamer-gl1.0-0:amd64 (1.24.2-1ubuntu0.5) ...
2026-10-07T10:34:11.3619247Z Selecting previously unselected package libgtk-4-common.
2026-10-07T10:34:11.3756231Z Preparing to unpack .../138-libgtk-4-common_4.14.5+ds-0ubuntu0.10_all.deb ...
2026-10-07T10:34:11.3765991Z Unpacking libgtk-4-common (4.14.5+ds-0ubuntu0.10) ...
2026-10-07T10:34:11.4274002Z Selecting previously unselected package libgtk-4-1:amd64.
2026-10-07T10:34:11.4415093Z Preparing to unpack .../139-libgtk-4-1_4.14.5+ds-0ubuntu0.10_amd64.deb ...
2026-10-07T10:34:11.4423289Z Unpacking libgtk-4-1:amd64 (4.14.5+ds-0ubuntu0.10) ...
2026-10-07T10:34:11.5072840Z Selecting previously unselected package libgupnp-1.6-0:amd64.
2026-10-07T10:34:11.5222957Z Preparing to unpack .../140-libgupnp-1.6-0_1.6.6-1build3_amd64.deb ...
2026-10-07T10:34:11.5228758Z Unpacking libgupnp-1.6-0:amd64 (1.6.6-1build3) ...
2026-10-07T10:34:11.5458524Z Selecting previously unselected package libgupnp-igd-1.6-0:amd64.
2026-10-07T10:34:11.5596032Z Preparing to unpack .../141-libgupnp-igd-1.6-0_1.6.0-3build3_amd64.deb ...
2026-10-07T10:34:11.5603978Z Unpacking libgupnp-igd-1.6-0:amd64 (1.6.0-3build3) ...
2026-10-07T10:34:11.5823770Z Selecting previously unselected package libharfbuzz-icu0:amd64.
2026-10-07T10:34:11.5961141Z Preparing to unpack .../142-libharfbuzz-icu0_8.3.0-2build2_amd64.deb ...
2026-10-07T10:34:11.5968107Z Unpacking libharfbuzz-icu0:amd64 (8.3.0-2build2) ...
2026-10-07T10:34:11.6182072Z Selecting previously unselected package libhyphen0:amd64.
2026-10-07T10:34:11.6318294Z Preparing to unpack .../143-libhyphen0_2.8.8-7build3_amd64.deb ...
2026-10-07T10:34:11.6325238Z Unpacking libhyphen0:amd64 (2.8.8-7build3) ...
2026-10-07T10:34:11.6545670Z Selecting previously unselected package libimath-3-1-29t64:amd64.
2026-10-07T10:34:11.6680252Z Preparing to unpack .../144-libimath-3-1-29t64_3.1.9-3.1ubuntu2_amd64.deb ...
2026-10-07T10:34:11.6687126Z Unpacking libimath-3-1-29t64:amd64 (3.1.9-3.1ubuntu2) ...
2026-10-07T10:34:11.6927341Z Selecting previously unselected package liblc3-1:amd64.
2026-10-07T10:34:11.7063793Z Preparing to unpack .../145-liblc3-1_1.0.4-3build1_amd64.deb ...
2026-10-07T10:34:11.7072274Z Unpacking liblc3-1:amd64 (1.0.4-3build1) ...
2026-10-07T10:34:11.7302186Z Selecting previously unselected package libldacbt-enc2:amd64.
2026-10-07T10:34:11.7439315Z Preparing to unpack .../146-libldacbt-enc2_2.0.2.3+git20200429+ed310a0-4ubuntu2_amd64.deb ...
2026-10-07T10:34:11.7446805Z Unpacking libldacbt-enc2:amd64 (2.0.2.3+git20200429+ed310a0-4ubuntu2) ...
2026-10-07T10:34:11.7671629Z Selecting previously unselected package libraptor2-0:amd64.
2026-10-07T10:34:11.7808928Z Preparing to unpack .../147-libraptor2-0_2.0.16-3ubuntu0.1_amd64.deb ...
2026-10-07T10:34:11.7816134Z Unpacking libraptor2-0:amd64 (2.0.16-3ubuntu0.1) ...
2026-10-07T10:34:11.8063920Z Selecting previously unselected package liblrdf0:amd64.
2026-10-07T10:34:11.8201347Z Preparing to unpack .../148-liblrdf0_0.6.1-4build1_amd64.deb ...
2026-10-07T10:34:11.8208448Z Unpacking liblrdf0:amd64 (0.6.1-4build1) ...
2026-10-07T10:34:11.8450556Z Selecting previously unselected package libltc11:amd64.
2026-10-07T10:34:11.8588403Z Preparing to unpack .../149-libltc11_1.3.2-1build1_amd64.deb ...
2026-10-07T10:34:11.8595752Z Unpacking libltc11:amd64 (1.3.2-1build1) ...
2026-10-07T10:34:11.8820517Z Selecting previously unselected package libmanette-0.2-0:amd64.
2026-10-07T10:34:11.8956232Z Preparing to unpack .../150-libmanette-0.2-0_0.2.7-1build2_amd64.deb ...
2026-10-07T10:34:11.8963096Z Unpacking libmanette-0.2-0:amd64 (0.2.7-1build2) ...
2026-10-07T10:34:11.9196191Z Selecting previously unselected package libmfx1:amd64.
2026-10-07T10:34:11.9331557Z Preparing to unpack .../151-libmfx1_22.5.4-1_amd64.deb ...
2026-10-07T10:34:11.9339879Z Unpacking libmfx1:amd64 (22.5.4-1) ...
2026-10-07T10:34:12.0306954Z Selecting previously unselected package libmjpegutils-2.1-0t64:amd64.
2026-10-07T10:34:12.0472031Z Preparing to unpack .../152-libmjpegutils-2.1-0t64_1%3a2.1.0+debian-8.1build1_amd64.deb ...
2026-10-07T10:34:12.0479800Z Unpacking libmjpegutils-2.1-0t64:amd64 (1:2.1.0+debian-8.1build1) ...
2026-10-07T10:34:12.0730855Z Selecting previously unselected package libmodplug1:amd64.
2026-10-07T10:34:12.0869507Z Preparing to unpack .../153-libmodplug1_1%3a0.8.9.0-3build1_amd64.deb ...
2026-10-07T10:34:12.0880459Z Unpacking libmodplug1:amd64 (1:0.8.9.0-3build1) ...
2026-10-07T10:34:12.1131050Z Selecting previously unselected package libmpcdec6:amd64.
2026-10-07T10:34:12.1266415Z Preparing to unpack .../154-libmpcdec6_2%3a0.1~r495-2build1_amd64.deb ...
2026-10-07T10:34:12.1274021Z Unpacking libmpcdec6:amd64 (2:0.1~r495-2build1) ...
2026-10-07T10:34:12.1492592Z Selecting previously unselected package libmpeg2encpp-2.1-0t64:amd64.
2026-10-07T10:34:12.1630425Z Preparing to unpack .../155-libmpeg2encpp-2.1-0t64_1%3a2.1.0+debian-8.1build1_amd64.deb ...
2026-10-07T10:34:12.1637430Z Unpacking libmpeg2encpp-2.1-0t64:amd64 (1:2.1.0+debian-8.1build1) ...
2026-10-07T10:34:12.1869599Z Selecting previously unselected package libmplex2-2.1-0t64:amd64.
2026-10-07T10:34:12.2006219Z Preparing to unpack .../156-libmplex2-2.1-0t64_1%3a2.1.0+debian-8.1build1_amd64.deb ...
2026-10-07T10:34:12.2014508Z Unpacking libmplex2-2.1-0t64:amd64 (1:2.1.0+debian-8.1build1) ...
2026-10-07T10:34:12.2247418Z Selecting previously unselected package libneon27t64:amd64.
2026-10-07T10:34:12.2386295Z Preparing to unpack .../157-libneon27t64_0.33.0-1.1build3_amd64.deb ...
2026-10-07T10:34:12.2396244Z Unpacking libneon27t64:amd64 (0.33.0-1.1build3) ...
2026-10-07T10:34:12.2866766Z Selecting previously unselected package libnice10:amd64.
2026-10-07T10:34:12.3001947Z Preparing to unpack .../158-libnice10_0.1.21-2build3_amd64.deb ...
2026-10-07T10:34:12.3010116Z Unpacking libnice10:amd64 (0.1.21-2build3) ...
2026-10-07T10:34:12.3246475Z Selecting previously unselected package libopenal-data.
2026-10-07T10:34:12.3381615Z Preparing to unpack .../159-libopenal-data_1%3a1.23.1-4build1_all.deb ...
2026-10-07T10:34:12.3390180Z Unpacking libopenal-data (1:1.23.1-4build1) ...
2026-10-07T10:34:12.3631132Z Selecting previously unselected package libopenexr-3-1-30:amd64.
2026-10-07T10:34:12.3767772Z Preparing to unpack .../160-libopenexr-3-1-30_3.1.5-5.1build3_amd64.deb ...
2026-10-07T10:34:12.3776669Z Unpacking libopenexr-3-1-30:amd64 (3.1.5-5.1build3) ...
2026-10-07T10:34:12.4154714Z Selecting previously unselected package libopenh264-7:amd64.
2026-10-07T10:34:12.4291923Z Preparing to unpack .../161-libopenh264-7_2.4.1+dfsg-1_amd64.deb ...
2026-10-07T10:34:12.4298782Z Unpacking libopenh264-7:amd64 (2.4.1+dfsg-1) ...
2026-10-07T10:34:12.4567335Z Selecting previously unselected package libopenni2-0:amd64.
2026-10-07T10:34:12.4703025Z Preparing to unpack .../162-libopenni2-0_2.2.0.33+dfsg-18_amd64.deb ...
2026-10-07T10:34:12.4736399Z Unpacking libopenni2-0:amd64 (2.2.0.33+dfsg-18) ...
2026-10-07T10:34:12.5017623Z Selecting previously unselected package libqrencode4:amd64.
2026-10-07T10:34:12.5152791Z Preparing to unpack .../163-libqrencode4_4.1.1-1build2_amd64.deb ...
2026-10-07T10:34:12.5162956Z Unpacking libqrencode4:amd64 (4.1.1-1build2) ...
2026-10-07T10:34:12.5373340Z Selecting previously unselected package libsecret-common.
2026-10-07T10:34:12.5506916Z Preparing to unpack .../164-libsecret-common_0.21.4-1build3_all.deb ...
2026-10-07T10:34:12.5514220Z Unpacking libsecret-common (0.21.4-1build3) ...
2026-10-07T10:34:12.5729960Z Selecting previously unselected package libsecret-1-0:amd64.
2026-10-07T10:34:12.5866481Z Preparing to unpack .../165-libsecret-1-0_0.21.4-1build3_amd64.deb ...
2026-10-07T10:34:12.5873656Z Unpacking libsecret-1-0:amd64 (0.21.4-1build3) ...
2026-10-07T10:34:12.6127251Z Selecting previously unselected package libsndio7.0:amd64.
2026-10-07T10:34:12.6262044Z Preparing to unpack .../166-libsndio7.0_1.9.0-0.3build3_amd64.deb ...
2026-10-07T10:34:12.6268539Z Unpacking libsndio7.0:amd64 (1.9.0-0.3build3) ...
2026-10-07T10:34:12.6494541Z Selecting previously unselected package libsoundtouch1:amd64.
2026-10-07T10:34:12.6633158Z Preparing to unpack .../167-libsoundtouch1_2.3.2+ds1-1build1_amd64.deb ...
2026-10-07T10:34:12.6640787Z Unpacking libsoundtouch1:amd64 (2.3.2+ds1-1build1) ...
2026-10-07T10:34:12.6871974Z Selecting previously unselected package libspandsp2t64:amd64.
2026-10-07T10:34:12.7008278Z Preparing to unpack .../168-libspandsp2t64_0.0.6+dfsg-2.1build1_amd64.deb ...
2026-10-07T10:34:12.7015892Z Unpacking libspandsp2t64:amd64 (0.0.6+dfsg-2.1build1) ...
2026-10-07T10:34:12.7276451Z Selecting previously unselected package libsrtp2-1:amd64.
2026-10-07T10:34:12.7411757Z Preparing to unpack .../169-libsrtp2-1_2.5.0-3build1_amd64.deb ...
2026-10-07T10:34:12.7420003Z Unpacking libsrtp2-1:amd64 (2.5.0-3build1) ...
2026-10-07T10:34:12.7645685Z Selecting previously unselected package libwayland-server0:amd64.
2026-10-07T10:34:12.7783175Z Preparing to unpack .../170-libwayland-server0_1.22.0-2.1build1_amd64.deb ...
2026-10-07T10:34:12.7790382Z Unpacking libwayland-server0:amd64 (1.22.0-2.1build1) ...
2026-10-07T10:34:12.8013606Z Selecting previously unselected package libwildmidi2:amd64.
2026-10-07T10:34:12.8150183Z Preparing to unpack .../171-libwildmidi2_0.4.3-1build3_amd64.deb ...
2026-10-07T10:34:12.8157038Z Unpacking libwildmidi2:amd64 (0.4.3-1build3) ...
2026-10-07T10:34:12.8396950Z Selecting previously unselected package libwoff1:amd64.
2026-10-07T10:34:12.8534895Z Preparing to unpack .../172-libwoff1_1.0.2-2build1_amd64.deb ...
2026-10-07T10:34:12.8541654Z Unpacking libwoff1:amd64 (1.0.2-2build1) ...
2026-10-07T10:34:12.8774930Z Selecting previously unselected package libxcb-xkb1:amd64.
2026-10-07T10:34:12.8910306Z Preparing to unpack .../173-libxcb-xkb1_1.15-1ubuntu2_amd64.deb ...
2026-10-07T10:34:12.8917738Z Unpacking libxcb-xkb1:amd64 (1.15-1ubuntu2) ...
2026-10-07T10:34:12.9152468Z Selecting previously unselected package libxkbcommon-x11-0:amd64.
2026-10-07T10:34:12.9289986Z Preparing to unpack .../174-libxkbcommon-x11-0_1.6.0-1build1_amd64.deb ...
2026-10-07T10:34:12.9297783Z Unpacking libxkbcommon-x11-0:amd64 (1.6.0-1build1) ...
2026-10-07T10:34:12.9523214Z Selecting previously unselected package libzbar0t64:amd64.
2026-10-07T10:34:12.9659758Z Preparing to unpack .../175-libzbar0t64_0.23.93-4build3_amd64.deb ...
2026-10-07T10:34:12.9666271Z Unpacking libzbar0t64:amd64 (0.23.93-4build3) ...
2026-10-07T10:34:12.9905395Z Selecting previously unselected package libzxing3:amd64.
2026-10-07T10:34:13.0041696Z Preparing to unpack .../176-libzxing3_2.2.1-3_amd64.deb ...
2026-10-07T10:34:13.0066262Z Unpacking libzxing3:amd64 (2.2.1-3) ...
2026-10-07T10:34:13.0322153Z Selecting previously unselected package xfonts-encodings.
2026-10-07T10:34:13.0458620Z Preparing to unpack .../177-xfonts-encodings_1%3a1.0.5-0ubuntu2_all.deb ...
2026-10-07T10:34:13.0463772Z Unpacking xfonts-encodings (1:1.0.5-0ubuntu2) ...
2026-10-07T10:34:13.0765131Z Selecting previously unselected package xfonts-utils.
2026-10-07T10:34:13.0901650Z Preparing to unpack .../178-xfonts-utils_1%3a7.7+6build3_amd64.deb ...
2026-10-07T10:34:13.0910440Z Unpacking xfonts-utils (1:7.7+6build3) ...
2026-10-07T10:34:13.1234335Z Selecting previously unselected package xfonts-cyrillic.
2026-10-07T10:34:13.1372880Z Preparing to unpack .../179-xfonts-cyrillic_1%3a1.0.5+nmu1_all.deb ...
2026-10-07T10:34:13.1380652Z Unpacking xfonts-cyrillic (1:1.0.5+nmu1) ...
2026-10-07T10:34:13.1731473Z Selecting previously unselected package xfonts-scalable.
2026-10-07T10:34:13.1869412Z Preparing to unpack .../180-xfonts-scalable_1%3a1.0.3-1.3_all.deb ...
2026-10-07T10:34:13.1876247Z Unpacking xfonts-scalable (1:1.0.3-1.3) ...
2026-10-07T10:34:13.2144050Z Selecting previously unselected package libgstreamer-plugins-bad1.0-0:amd64.
2026-10-07T10:34:13.2283653Z Preparing to unpack .../181-libgstreamer-plugins-bad1.0-0_1.24.2-1ubuntu4_amd64.deb ...
2026-10-07T10:34:13.2292129Z Unpacking libgstreamer-plugins-bad1.0-0:amd64 (1.24.2-1ubuntu4) ...
2026-10-07T10:34:13.2695651Z Selecting previously unselected package libdca0:amd64.
2026-10-07T10:34:13.2832589Z Preparing to unpack .../182-libdca0_0.0.7-2build1_amd64.deb ...
2026-10-07T10:34:13.2841910Z Unpacking libdca0:amd64 (0.0.7-2build1) ...
2026-10-07T10:34:13.3076742Z Selecting previously unselected package libopenal1:amd64.
2026-10-07T10:34:13.3214839Z Preparing to unpack .../183-libopenal1_1%3a1.23.1-4build1_amd64.deb ...
2026-10-07T10:34:13.3223677Z Unpacking libopenal1:amd64 (1:1.23.1-4build1) ...
2026-10-07T10:34:13.3529269Z Selecting previously unselected package libsbc1:amd64.
2026-10-07T10:34:13.3739248Z Preparing to unpack .../184-libsbc1_2.0-1build1_amd64.deb ...
2026-10-07T10:34:13.3747702Z Unpacking libsbc1:amd64 (2.0-1build1) ...
2026-10-07T10:34:13.3975775Z Selecting previously unselected package libvo-aacenc0:amd64.
2026-10-07T10:34:13.4111356Z Preparing to unpack .../185-libvo-aacenc0_0.1.3-2build1_amd64.deb ...
2026-10-07T10:34:13.4121645Z Unpacking libvo-aacenc0:amd64 (0.1.3-2build1) ...
2026-10-07T10:34:13.4343782Z Selecting previously unselected package libvo-amrwbenc0:amd64.
2026-10-07T10:34:13.4479530Z Preparing to unpack .../186-libvo-amrwbenc0_0.1.3-2build1_amd64.deb ...
2026-10-07T10:34:13.4487817Z Unpacking libvo-amrwbenc0:amd64 (0.1.3-2build1) ...
2026-10-07T10:34:13.4723162Z Selecting previously unselected package gstreamer1.0-plugins-bad:amd64.
2026-10-07T10:34:13.4860389Z Preparing to unpack .../187-gstreamer1.0-plugins-bad_1.24.2-1ubuntu4_amd64.deb ...
2026-10-07T10:34:13.4867181Z Unpacking gstreamer1.0-plugins-bad:amd64 (1.24.2-1ubuntu4) ...
2026-10-07T10:34:13.6876280Z Setting up libgme0:amd64 (0.6.3-7build1) ...
2026-10-07T10:34:13.6905085Z Setting up libchromaprint1:amd64 (1.5.1-5) ...
2026-10-07T10:34:13.6929628Z Setting up libssh-gcrypt-4:amd64 (0.10.6-2ubuntu0.5) ...
2026-10-07T10:34:13.6945210Z Setting up libhwy1t64:amd64 (1.0.7-8.1build1) ...
2026-10-07T10:34:13.6961370Z Setting up libfreeaptx0:amd64 (0.1.1-2build1) ...
2026-10-07T10:34:13.6983094Z Setting up libdvdread8t64:amd64 (6.1.3-1.1build1) ...
2026-10-07T10:34:13.6998785Z Setting up libudfread0:amd64 (1.1.2-1build1) ...
2026-10-07T10:34:13.7022281Z Setting up libmodplug1:amd64 (1:0.8.9.0-3build1) ...
2026-10-07T10:34:13.7038822Z Setting up libcdparanoia0:amd64 (3.10.2+debian-14build3) ...
2026-10-07T10:34:13.7060904Z Setting up libwayland-server0:amd64 (1.22.0-2.1build1) ...
2026-10-07T10:34:13.7078983Z Setting up libvo-amrwbenc0:amd64 (0.1.3-2build1) ...
2026-10-07T10:34:13.7097532Z Setting up mesa-libgallium:amd64 (25.2.8-0ubuntu0.24.04.4) ...
2026-10-07T10:34:13.7117355Z Setting up session-migration (0.3.9build1) ...
2026-10-07T10:34:13.8511552Z Created symlink /etc/systemd/user/graphical-session-pre.target.wants/session-migration.service → /usr/lib/systemd/user/session-migration.service.
2026-10-07T10:34:13.8512218Z 
2026-10-07T10:34:13.8545957Z Setting up libraw1394-11:amd64 (2.1.2-2build3) ...
2026-10-07T10:34:13.8562362Z Setting up libsbc1:amd64 (2.0-1build1) ...
2026-10-07T10:34:13.8580670Z Setting up libproxy1v5:amd64 (0.5.4-4build1) ...
2026-10-07T10:34:13.8600303Z Setting up libneon27t64:amd64 (0.33.0-1.1build3) ...
2026-10-07T10:34:13.8615841Z Setting up libtag1v5-vanilla:amd64 (1.13.1-1build1) ...
2026-10-07T10:34:13.8633703Z Setting up libharfbuzz-icu0:amd64 (8.3.0-2build2) ...
2026-10-07T10:34:13.8653206Z Setting up libopenni2-0:amd64 (2.2.0.33+dfsg-18) ...
2026-10-07T10:34:13.8910119Z Setting up libspeex1:amd64 (1.2.1-2ubuntu2.24.04.1) ...
2026-10-07T10:34:13.8937513Z Setting up libshine3:amd64 (3.1.1-2build1) ...
2026-10-07T10:34:13.8951971Z Setting up libcaca0:amd64 (0.99.beta20-4ubuntu0.2) ...
2026-10-07T10:34:13.8966709Z Setting up libvpl2 (2023.3.0-1build1) ...
2026-10-07T10:34:13.8982281Z Setting up libv4lconvert0t64:amd64 (1.26.1-4build3) ...
2026-10-07T10:34:13.8996744Z Setting up libx264-164:amd64 (2:0.164.3108+git31e19f9-1) ...
2026-10-07T10:34:13.9011565Z Setting up libtwolame0:amd64 (0.4.0-2build3) ...
2026-10-07T10:34:13.9026894Z Setting up libmbedcrypto7t64:amd64 (2.28.8-1) ...
2026-10-07T10:34:13.9044344Z Setting up libwoff1:amd64 (1.0.2-2build1) ...
2026-10-07T10:34:13.9062989Z Setting up liblc3-1:amd64 (1.0.4-3build1) ...
2026-10-07T10:34:13.9084683Z Setting up libqrencode4:amd64 (4.1.1-1build2) ...
2026-10-07T10:34:13.9103630Z Setting up libhyphen0:amd64 (2.8.8-7build3) ...
2026-10-07T10:34:13.9120677Z Setting up libgbm1:amd64 (25.2.8-0ubuntu0.24.04.4) ...
2026-10-07T10:34:13.9136992Z Setting up libgsm1:amd64 (1.0.22-1build1) ...
2026-10-07T10:34:13.9154392Z Setting up libvisual-0.4-0:amd64 (0.4.2-2build1) ...
2026-10-07T10:34:13.9174713Z Setting up libsoxr0:amd64 (0.1.3-4build3) ...
2026-10-07T10:34:13.9188748Z Setting up libzix-0-0:amd64 (0.4.2-2build1) ...
2026-10-07T10:34:13.9204479Z Setting up libcodec2-1.2:amd64 (1.2.0-2build1) ...
2026-10-07T10:34:13.9222178Z Setting up libmanette-0.2-0:amd64 (0.2.7-1build2) ...
2026-10-07T10:34:13.9247031Z Setting up libsrtp2-1:amd64 (2.5.0-3build1) ...
2026-10-07T10:34:13.9264047Z Setting up libgl1-mesa-dri:amd64 (25.2.8-0ubuntu0.24.04.4) ...
2026-10-07T10:34:13.9341388Z Setting up libmysofa1:amd64 (1.3.2+dfsg-2ubuntu2) ...
2026-10-07T10:34:13.9355811Z Setting up libraptor2-0:amd64 (2.0.16-3ubuntu0.1) ...
2026-10-07T10:34:13.9370979Z Setting up libldacbt-enc2:amd64 (2.0.2.3+git20200429+ed310a0-4ubuntu2) ...
2026-10-07T10:34:13.9384293Z Setting up fonts-wqy-zenhei (0.9.45-8) ...
2026-10-07T10:34:13.9507493Z Setting up libwebrtc-audio-processing1:amd64 (0.3.1-0ubuntu6) ...
2026-10-07T10:34:13.9521594Z Setting up fonts-freefont-ttf (20211204+svn4273-2) ...
2026-10-07T10:34:13.9535978Z Setting up libevent-2.1-7t64:amd64 (2.1.12-stable-9ubuntu2.2) ...
2026-10-07T10:34:13.9551160Z Setting up libsvtav1enc1d1:amd64 (1.7.0+dfsg-2build1) ...
2026-10-07T10:34:13.9569375Z Setting up libsoup-3.0-common (3.4.4-5ubuntu0.9) ...
2026-10-07T10:34:13.9583478Z Setting up libmpg123-0t64:amd64 (1.32.5-1ubuntu1.1) ...
2026-10-07T10:34:13.9599951Z Setting up libcjson1:amd64 (1.7.17-1) ...
2026-10-07T10:34:13.9615005Z Setting up libxvidcore4:amd64 (2:1.3.7-1build1) ...
2026-10-07T10:34:13.9630171Z Setting up libmpcdec6:amd64 (2:0.1~r495-2build1) ...
2026-10-07T10:34:13.9646814Z Setting up libmjpegutils-2.1-0t64:amd64 (1:2.1.0+debian-8.1build1) ...
2026-10-07T10:34:13.9661025Z Setting up librav1e0:amd64 (0.7.1-2) ...
2026-10-07T10:34:13.9676799Z Setting up liborc-0.4-0t64:amd64 (1:0.4.38-1ubuntu0.1) ...
2026-10-07T10:34:13.9692298Z Setting up libxcb-xkb1:amd64 (1.15-1ubuntu2) ...
2026-10-07T10:34:13.9708103Z Setting up libvo-aacenc0:amd64 (0.1.3-2build1) ...
2026-10-07T10:34:13.9725182Z Setting up librist4:amd64 (0.2.10+dfsg-2) ...
2026-10-07T10:34:13.9739737Z Setting up librsvg2-2:amd64 (2.58.0+dfsg-1ubuntu0.1) ...
2026-10-07T10:34:13.9756727Z Setting up libblas3:amd64 (3.12.0-3build1.1) ...
2026-10-07T10:34:13.9822766Z update-alternatives: using /usr/lib/x86_64-linux-gnu/blas/libblas.so.3 to provide /usr/lib/x86_64-linux-gnu/libblas.so.3 (libblas.so.3-x86_64-linux-gnu) in auto mode
2026-10-07T10:34:13.9837341Z Setting up libegl-mesa0:amd64 (25.2.8-0ubuntu0.24.04.4) ...
2026-10-07T10:34:13.9854080Z Setting up libsoundtouch1:amd64 (2.3.2+ds1-1build1) ...
2026-10-07T10:34:13.9870805Z Setting up libplacebo338:amd64 (6.338.2-2build1) ...
2026-10-07T10:34:13.9886562Z Setting up libgles2:amd64 (1.7.0-1build1) ...
2026-10-07T10:34:13.9902753Z Setting up fonts-tlwg-loma-otf (1:0.7.3-1) ...
2026-10-07T10:34:13.9918228Z Setting up libva2:amd64 (2.20.0-2ubuntu0.2) ...
2026-10-07T10:34:13.9937839Z Setting up libfreetype6:amd64 (2.13.2+dfsg-1ubuntu0.2) ...
2026-10-07T10:34:13.9952596Z Setting up libspa-0.2-modules:amd64 (1.0.5-1ubuntu3.3) ...
2026-10-07T10:34:13.9968096Z Setting up libzxing3:amd64 (2.2.1-3) ...
2026-10-07T10:34:13.9982703Z Setting up xfonts-encodings (1:1.0.5-0ubuntu2) ...
2026-10-07T10:34:13.9996962Z Setting up libopus0:amd64 (1.4-1build1) ...
2026-10-07T10:34:14.0013716Z Setting up libfaad2:amd64 (2.11.1-1build1) ...
2026-10-07T10:34:14.0028958Z Setting up libxkbcommon-x11-0:amd64 (1.6.0-1build1) ...
2026-10-07T10:34:14.0045586Z Setting up libdc1394-25:amd64 (2.2.6-4build1) ...
2026-10-07T10:34:14.0061206Z Setting up libimath-3-1-29t64:amd64 (3.1.9-3.1ubuntu2) ...
2026-10-07T10:34:14.0078577Z Setting up libunibreak5:amd64 (5.1-2build1) ...
2026-10-07T10:34:14.0097455Z Setting up libdv4t64:amd64 (1.0.0-17.1build1) ...
2026-10-07T10:34:14.0112873Z Setting up libjxl0.7:amd64 (0.7.0-10.2ubuntu6.1) ...
2026-10-07T10:34:14.0133521Z Setting up libopenh264-7:amd64 (2.4.1+dfsg-1) ...
2026-10-07T10:34:14.0151493Z Setting up libltc11:amd64 (1.3.2-1build1) ...
2026-10-07T10:34:14.0167664Z Setting up libx265-199:amd64 (3.5-2build1) ...
2026-10-07T10:34:14.0422271Z Setting up libv4l-0t64:amd64 (1.26.1-4build3) ...
2026-10-07T10:34:14.0440272Z Setting up libavtp0:amd64 (0.2.0-1build1) ...
2026-10-07T10:34:14.0456486Z Setting up libsndio7.0:amd64 (1.9.0-0.3build3) ...
2026-10-07T10:34:14.0476696Z Setting up libdirectfb-1.7-7t64:amd64 (1.7.7-11.1ubuntu2) ...
2026-10-07T10:34:14.0496952Z Setting up libspandsp2t64:amd64 (0.0.6+dfsg-2.1build1) ...
2026-10-07T10:34:14.0513931Z Setting up libvidstab1.1:amd64 (1.1.0-2build1) ...
2026-10-07T10:34:14.0529563Z Setting up libvpx9:amd64 (1.14.0-1ubuntu2.3) ...
2026-10-07T10:34:14.0548131Z Setting up libsrt1.5-gnutls:amd64 (1.5.3-1build2) ...
2026-10-07T10:34:14.0565260Z Setting up libtag1v5:amd64 (1.13.1-1build1) ...
2026-10-07T10:34:14.0578765Z Setting up libflite1:amd64 (2.2-6build3) ...
2026-10-07T10:34:14.0592997Z Setting up libdav1d7:amd64 (1.4.1-1build1) ...
2026-10-07T10:34:14.0609527Z Setting up libva-drm2:amd64 (2.20.0-2ubuntu0.2) ...
2026-10-07T10:34:14.0626777Z Setting up fonts-ipafont-gothic (00303-21ubuntu1) ...
2026-10-07T10:34:14.0702112Z update-alternatives: using /usr/share/fonts/opentype/ipafont-gothic/ipag.ttf to provide /usr/share/fonts/truetype/fonts-japanese-gothic.ttf (fonts-japanese-gothic.ttf) in auto mode
2026-10-07T10:34:14.0720041Z Setting up ocl-icd-libopencl1:amd64 (2.3.2-1build1) ...
2026-10-07T10:34:14.0737477Z Setting up libasyncns0:amd64 (0.8-6build4) ...
2026-10-07T10:34:14.0758441Z Setting up libwildmidi2:amd64 (0.4.3-1build3) ...
2026-10-07T10:34:14.0772039Z Setting up libvdpau1:amd64 (1.5-2build1) ...
2026-10-07T10:34:14.0792501Z Setting up libwavpack1:amd64 (5.6.0-1build1) ...
2026-10-07T10:34:14.0809564Z Setting up libbs2b0:amd64 (3.1.0+dfsg-7build1) ...
2026-10-07T10:34:14.0829529Z Setting up libtheora0:amd64 (1.1.1+dfsg.1-16.1build3) ...
2026-10-07T10:34:14.0847108Z Setting up libegl1:amd64 (1.7.0-1build1) ...
2026-10-07T10:34:14.0862541Z Setting up libdecor-0-0:amd64 (0.2.2-1build2) ...
2026-10-07T10:34:14.0877757Z Setting up libdca0:amd64 (0.0.7-2build1) ...
2026-10-07T10:34:14.0892284Z Setting up libzimg2:amd64 (3.0.5+ds1-1build1) ...
2026-10-07T10:34:14.0908905Z Setting up libopenal-data (1:1.23.1-4build1) ...
2026-10-07T10:34:14.0930832Z Setting up libevent-core-2.1-7t64:amd64 (2.1.12-stable-9ubuntu2.2) ...
2026-10-07T10:34:14.0945807Z Setting up libabsl20220623t64:amd64 (20220623.1-3.1ubuntu3.2) ...
2026-10-07T10:34:14.0964081Z Setting up libflac12t64:amd64 (1.4.3+ds-2.1ubuntu2) ...
2026-10-07T10:34:14.0979961Z Setting up libgtk-4-common (4.14.5+ds-0ubuntu0.10) ...
2026-10-07T10:34:14.0999667Z Setting up libmpeg2encpp-2.1-0t64:amd64 (1:2.1.0+debian-8.1build1) ...
2026-10-07T10:34:14.1015731Z Setting up glib-networking-common (2.80.0-1build1) ...
2026-10-07T10:34:14.1032709Z Setting up libmfx1:amd64 (22.5.4-1) ...
2026-10-07T10:34:14.1050729Z Setting up libbluray2:amd64 (1:1.3.4-1build1) ...
2026-10-07T10:34:14.1065974Z Setting up libde265-0:amd64 (1.0.15-1ubuntu0.1) ...
2026-10-07T10:34:14.1082733Z Setting up libsamplerate0:amd64 (0.2.2-4build1) ...
2026-10-07T10:34:14.1098284Z Setting up timgm6mb-soundfont (1.3-5) ...
2026-10-07T10:34:14.1188058Z update-alternatives: using /usr/share/sounds/sf2/TimGM6mb.sf2 to provide /usr/share/sounds/sf2/default-GM.sf2 (default-GM.sf2) in auto mode
2026-10-07T10:34:14.1238790Z update-alternatives: using /usr/share/sounds/sf2/TimGM6mb.sf2 to provide /usr/share/sounds/sf3/default-GM.sf3 (default-GM.sf3) in auto mode
2026-10-07T10:34:14.1253966Z Setting up libva-x11-2:amd64 (2.20.0-2ubuntu0.2) ...
2026-10-07T10:34:14.1267717Z Setting up libyuv0:amd64 (0.0~git202401110.af6ac82-1) ...
2026-10-07T10:34:14.1284718Z Setting up libmplex2-2.1-0t64:amd64 (1:2.1.0+debian-8.1build1) ...
2026-10-07T10:34:14.1299665Z Setting up libpipewire-0.3-0t64:amd64 (1.0.5-1ubuntu3.3) ...
2026-10-07T10:34:14.1315955Z Setting up libopenmpt0t64:amd64 (0.7.3-1.1build3) ...
2026-10-07T10:34:14.1330148Z Setting up libzvbi-common (0.2.42-2) ...
2026-10-07T10:34:14.1344176Z Setting up libsecret-common (0.21.4-1build3) ...
2026-10-07T10:34:14.1362620Z Setting up libmp3lame0:amd64 (3.100-6build1) ...
2026-10-07T10:34:14.1377483Z Setting up libgraphene-1.0-0:amd64 (1.10.8-3build2) ...
2026-10-07T10:34:14.1394203Z Setting up libvorbisenc2:amd64 (1.3.7-1build3) ...
2026-10-07T10:34:14.1409342Z Setting up libdvdnav4:amd64 (6.1.1-3build1) ...
2026-10-07T10:34:14.1424949Z Setting up fonts-unifont (1:15.1.01-1build1) ...
2026-10-07T10:34:14.1448916Z Setting up libaa1:amd64 (1.4p5-51.1) ...
2026-10-07T10:34:14.1466883Z Setting up libiec61883-0:amd64 (1.2.0-6build1) ...
2026-10-07T10:34:14.1482374Z Setting up libserd-0-0:amd64 (0.32.2-1) ...
2026-10-07T10:34:14.1495982Z Setting up libavc1394-0:amd64 (0.5.4-5build3) ...
2026-10-07T10:34:14.1512638Z Setting up libcairo-script-interpreter2:amd64 (1.18.0-3build1) ...
2026-10-07T10:34:14.1527104Z Setting up gsettings-desktop-schemas (46.1-0ubuntu1) ...
2026-10-07T10:34:14.1543510Z Setting up glib-networking-services (2.80.0-1build1) ...
2026-10-07T10:34:14.1558062Z Setting up liblapack3:amd64 (3.12.0-3build1.1) ...
2026-10-07T10:34:14.1624834Z update-alternatives: using /usr/lib/x86_64-linux-gnu/lapack/liblapack.so.3 to provide /usr/lib/x86_64-linux-gnu/liblapack.so.3 (liblapack.so.3-x86_64-linux-gnu) in auto mode
2026-10-07T10:34:14.1641036Z Setting up libglx-mesa0:amd64 (25.2.8-0ubuntu0.24.04.4) ...
2026-10-07T10:34:14.1656077Z Setting up libzvbi0t64:amd64 (0.2.42-2) ...
2026-10-07T10:34:14.1673352Z Setting up libevent-pthreads-2.1-7t64:amd64 (2.1.12-stable-9ubuntu2.2) ...
2026-10-07T10:34:14.1691173Z Setting up liblrdf0:amd64 (0.6.1-4build1) ...
2026-10-07T10:34:14.1706676Z Setting up libzbar0t64:amd64 (0.23.93-4build3) ...
2026-10-07T10:34:14.1720915Z Setting up libgstreamer-plugins-base1.0-0:amd64 (1.24.2-1ubuntu0.5) ...
2026-10-07T10:34:14.1737722Z Setting up libavutil58:amd64 (7:6.1.1-3ubuntu5) ...
2026-10-07T10:34:14.1756445Z Setting up libopenal1:amd64 (1:1.23.1-4build1) ...
2026-10-07T10:34:14.1774895Z Setting up xfonts-utils (1:7.7+6build3) ...
2026-10-07T10:34:14.1817728Z Setting up libsecret-1-0:amd64 (0.21.4-1build3) ...
2026-10-07T10:34:14.1836012Z Setting up libgstreamer-plugins-good1.0-0:amd64 (1.24.2-1ubuntu1.8) ...
2026-10-07T10:34:14.1851158Z Setting up libgstreamer-gl1.0-0:amd64 (1.24.2-1ubuntu0.5) ...
2026-10-07T10:34:14.1867678Z Setting up gstreamer1.0-plugins-base:amd64 (1.24.2-1ubuntu0.5) ...
2026-10-07T10:34:14.1885005Z Setting up libass9:amd64 (1:0.17.1-2build1) ...
2026-10-07T10:34:14.1901008Z Setting up libswresample4:amd64 (7:6.1.1-3ubuntu5) ...
2026-10-07T10:34:14.1921418Z Setting up libopenexr-3-1-30:amd64 (3.1.5-5.1build3) ...
2026-10-07T10:34:14.1937235Z Setting up libshout3:amd64 (2.4.6-1build2) ...
2026-10-07T10:34:14.1952990Z Setting up libgav1-1:amd64 (0.18.0-1build3) ...
2026-10-07T10:34:14.1972626Z Setting up libavcodec60:amd64 (7:6.1.1-3ubuntu5) ...
2026-10-07T10:34:14.1991755Z Setting up librubberband2:amd64 (3.3.0+dfsg-2build1) ...
2026-10-07T10:34:14.2009865Z Setting up libjack-jackd2-0:amd64 (1.9.21~dfsg-3ubuntu3) ...
2026-10-07T10:34:14.2028091Z Setting up libsord-0-0:amd64 (0.16.16-2build1) ...
2026-10-07T10:34:14.2042837Z Setting up xfonts-cyrillic (1:1.0.5+nmu1) ...
2026-10-07T10:34:14.2354565Z Setting up libpostproc57:amd64 (7:6.1.1-3ubuntu5) ...
2026-10-07T10:34:14.2372386Z Setting up libsratom-0-0:amd64 (0.6.16-1build1) ...
2026-10-07T10:34:14.2392715Z Setting up libsndfile1:amd64 (1.2.2-1ubuntu5.24.04.1) ...
2026-10-07T10:34:14.2647752Z Setting up liblilv-0-0:amd64 (0.24.22-1build1) ...
2026-10-07T10:34:14.2662376Z Setting up libinstpatch-1.0-2:amd64 (1.1.6-1build2) ...
2026-10-07T10:34:14.2678687Z Setting up xfonts-scalable (1:1.0.3-1.3) ...
2026-10-07T10:34:14.2969628Z Setting up libswscale7:amd64 (7:6.1.1-3ubuntu5) ...
2026-10-07T10:34:14.2984713Z Setting up libavif16:amd64 (1.0.4-1ubuntu3) ...
2026-10-07T10:34:14.3001241Z Setting up libpulse0:amd64 (1:16.1+dfsg1-2ubuntu10.1) ...
2026-10-07T10:34:14.3072499Z Setting up libavformat60:amd64 (7:6.1.1-3ubuntu5) ...
2026-10-07T10:34:14.3086919Z Setting up libsphinxbase3t64:amd64 (0.8+5prealpha+1-17build2) ...
2026-10-07T10:34:14.3102211Z Setting up libsdl2-2.0-0:amd64 (2.30.0+dfsg-1ubuntu3.1) ...
2026-10-07T10:34:14.3115709Z Setting up libfluidsynth3:amd64 (2.3.4-1build3) ...
2026-10-07T10:34:14.3129349Z Setting up libpocketsphinx3:amd64 (0.8.0+real5prealpha+1-15ubuntu5) ...
2026-10-07T10:34:14.3147481Z Setting up libavfilter9:amd64 (7:6.1.1-3ubuntu5) ...
2026-10-07T10:34:14.3161304Z Setting up gstreamer1.0-libav:amd64 (1.24.1-1build1) ...
2026-10-07T10:34:14.3508446Z Processing triggers for fontconfig (2.15.0-1.1ubuntu2) ...
2026-10-07T10:34:14.4387841Z Processing triggers for libc-bin (2.39-0ubuntu8.9) ...
2026-10-07T10:34:14.4836304Z Processing triggers for man-db (2.12.0-4build2) ...
2026-10-07T10:34:14.4856142Z Not building database; man-db/auto-update is not 'true'.
2026-10-07T10:34:14.4888272Z Processing triggers for libglib2.0-0t64:amd64 (2.80.0-6ubuntu3.9) ...
2026-10-07T10:34:14.5413431Z Setting up libgtk-4-1:amd64 (4.14.5+ds-0ubuntu0.10) ...
2026-10-07T10:34:14.6266821Z Setting up glib-networking:amd64 (2.80.0-1build1) ...
2026-10-07T10:34:14.6302348Z Setting up libsoup-3.0-0:amd64 (3.4.4-5ubuntu0.9) ...
2026-10-07T10:34:14.6330092Z Setting up libgssdp-1.6-0:amd64 (1.6.3-1build3) ...
2026-10-07T10:34:14.6404726Z Setting up gstreamer1.0-plugins-good:amd64 (1.24.2-1ubuntu1.8) ...
2026-10-07T10:34:14.6429371Z Setting up libgupnp-1.6-0:amd64 (1.6.6-1build3) ...
2026-10-07T10:34:14.6492753Z Setting up libgupnp-igd-1.6-0:amd64 (1.6.0-3build3) ...
2026-10-07T10:34:14.6528875Z Setting up libnice10:amd64 (0.1.21-2build3) ...
2026-10-07T10:34:14.6580972Z Setting up libgstreamer-plugins-bad1.0-0:amd64 (1.24.2-1ubuntu4) ...
2026-10-07T10:34:14.6620943Z Setting up gstreamer1.0-plugins-bad:amd64 (1.24.2-1ubuntu4) ...
2026-10-07T10:34:14.6644720Z Processing triggers for libc-bin (2.39-0ubuntu8.9) ...
2026-10-07T10:34:15.3051191Z 
2026-10-07T10:34:15.3051872Z Running kernel seems to be up-to-date.
2026-10-07T10:34:15.3052243Z 
2026-10-07T10:34:15.3052429Z Restarting services...
2026-10-07T10:34:15.3136642Z  systemctl restart php8.3-fpm.service
2026-10-07T10:34:15.4436666Z 
2026-10-07T10:34:15.4438265Z No containers need to be restarted.
2026-10-07T10:34:15.4438610Z 
2026-10-07T10:34:15.4439215Z No user sessions are running outdated binaries.
2026-10-07T10:34:15.4439633Z 
2026-10-07T10:34:15.4440288Z No VM guests are running outdated hypervisor (qemu) binaries on this host.
2026-10-07T10:34:16.6531540Z Downloading Chrome for Testing 149.0.7827.55 (playwright chromium v1228) from https://cdn.playwright.dev/builds/cft/149.0.7827.55/linux64/chrome-linux64.zip
2026-10-07T10:34:17.6966297Z |                                                                                |   0% of 177 MiB
2026-10-07T10:34:17.9107297Z |■■■■■■■■                                                                        |  10% of 177 MiB
2026-10-07T10:34:17.9987468Z |■■■■■■■■■■■■■■■■                                                                |  20% of 177 MiB
2026-10-07T10:34:18.0861961Z |■■■■■■■■■■■■■■■■■■■■■■■■                                                        |  30% of 177 MiB
2026-10-07T10:34:18.1653268Z |■■■■■■■■■■■■■■■■■■■■■■■■■■■■■■■■                                                |  40% of 177 MiB
2026-10-07T10:34:18.2472701Z |■■■■■■■■■■■■■■■■■■■■■■■■■■■■■■■■■■■■■■■■                                        |  50% of 177 MiB
2026-10-07T10:34:18.3287219Z |■■■■■■■■■■■■■■■■■■■■■■■■■■■■■■■■■■■■■■■■■■■■■■■■                                |  60% of 177 MiB
2026-10-07T10:34:18.4087740Z |■■■■■■■■■■■■■■■■■■■■■■■■■■■■■■■■■■■■■■■■■■■■■■■■■■■■■■■■                        |  70% of 177 MiB
2026-10-07T10:34:18.4878750Z |■■■■■■■■■■■■■■■■■■■■■■■■■■■■■■■■■■■■■■■■■■■■■■■■■■■■■■■■■■■■■■■■                |  80% of 177 MiB
2026-10-07T10:34:18.5658213Z |■■■■■■■■■■■■■■■■■■■■■■■■■■■■■■■■■■■■■■■■■■■■■■■■■■■■■■■■■■■■■■■■■■■■■■■■        |  90% of 177 MiB
2026-10-07T10:34:18.6426591Z |■■■■■■■■■■■■■■■■■■■■■■■■■■■■■■■■■■■■■■■■■■■■■■■■■■■■■■■■■■■■■■■■■■■■■■■■■■■■■■■■| 100% of 177 MiB
2026-10-07T10:34:21.1812430Z Chrome for Testing 149.0.7827.55 (playwright chromium v1228) downloaded to /home/runner/.cache/ms-playwright/chromium-1228
2026-10-07T10:34:21.1816092Z Downloading FFmpeg (playwright ffmpeg v1011) from https://cdn.playwright.dev/dbazure/download/playwright/builds/ffmpeg/1011/ffmpeg-linux.zip
2026-10-07T10:34:22.2349885Z |                                                                                |   0% of 2.3 MiB
2026-10-07T10:34:22.2724446Z |■■■■■■■■                                                                        |  10% of 2.3 MiB
2026-10-07T10:34:22.3007486Z |■■■■■■■■■■■■■■■■                                                                |  20% of 2.3 MiB
2026-10-07T10:34:22.3171962Z |■■■■■■■■■■■■■■■■■■■■■■■■                                                        |  30% of 2.3 MiB
2026-10-07T10:34:22.3241319Z |■■■■■■■■■■■■■■■■■■■■■■■■■■■■■■■■                                                |  40% of 2.3 MiB
2026-10-07T10:34:22.3373630Z |■■■■■■■■■■■■■■■■■■■■■■■■■■■■■■■■■■■■■■■■                                        |  50% of 2.3 MiB
2026-10-07T10:34:22.3421912Z |■■■■■■■■■■■■■■■■■■■■■■■■■■■■■■■■■■■■■■■■■■■■■■■■                                |  60% of 2.3 MiB
2026-10-07T10:34:22.3530044Z |■■■■■■■■■■■■■■■■■■■■■■■■■■■■■■■■■■■■■■■■■■■■■■■■■■■■■■■■                        |  70% of 2.3 MiB
2026-10-07T10:34:22.3566726Z |■■■■■■■■■■■■■■■■■■■■■■■■■■■■■■■■■■■■■■■■■■■■■■■■■■■■■■■■■■■■■■■■                |  80% of 2.3 MiB
2026-10-07T10:34:22.3607668Z |■■■■■■■■■■■■■■■■■■■■■■■■■■■■■■■■■■■■■■■■■■■■■■■■■■■■■■■■■■■■■■■■■■■■■■■■        |  90% of 2.3 MiB
2026-10-07T10:34:22.3707756Z |■■■■■■■■■■■■■■■■■■■■■■■■■■■■■■■■■■■■■■■■■■■■■■■■■■■■■■■■■■■■■■■■■■■■■■■■■■■■■■■■| 100% of 2.3 MiB
2026-10-07T10:34:22.4264368Z FFmpeg (playwright ffmpeg v1011) downloaded to /home/runner/.cache/ms-playwright/ffmpeg-1011
2026-10-07T10:34:22.4267458Z Downloading Chrome Headless Shell 149.0.7827.55 (playwright chromium-headless-shell v1228) from https://cdn.playwright.dev/builds/cft/149.0.7827.55/linux64/chrome-headless-shell-linux64.zip
2026-10-07T10:34:23.4706072Z |                                                                                |   0% of 114.2 MiB
2026-10-07T10:34:23.6458035Z |■■■■■■■■                                                                        |  10% of 114.2 MiB
2026-10-07T10:34:23.7005455Z |■■■■■■■■■■■■■■■■                                                                |  20% of 114.2 MiB
2026-10-07T10:34:23.7465785Z |■■■■■■■■■■■■■■■■■■■■■■■■                                                        |  30% of 114.2 MiB
2026-10-07T10:34:23.8004102Z |■■■■■■■■■■■■■■■■■■■■■■■■■■■■■■■■                                                |  40% of 114.2 MiB
2026-10-07T10:34:23.8376624Z |■■■■■■■■■■■■■■■■■■■■■■■■■■■■■■■■■■■■■■■■                                        |  50% of 114.2 MiB
2026-10-07T10:34:23.8771459Z |■■■■■■■■■■■■■■■■■■■■■■■■■■■■■■■■■■■■■■■■■■■■■■■■                                |  60% of 114.2 MiB
2026-10-07T10:34:23.9146505Z |■■■■■■■■■■■■■■■■■■■■■■■■■■■■■■■■■■■■■■■■■■■■■■■■■■■■■■■■                        |  70% of 114.2 MiB
2026-10-07T10:34:23.9544684Z |■■■■■■■■■■■■■■■■■■■■■■■■■■■■■■■■■■■■■■■■■■■■■■■■■■■■■■■■■■■■■■■■                |  80% of 114.2 MiB
2026-10-07T10:34:23.9934289Z |■■■■■■■■■■■■■■■■■■■■■■■■■■■■■■■■■■■■■■■■■■■■■■■■■■■■■■■■■■■■■■■■■■■■■■■■        |  90% of 114.2 MiB
2026-10-07T10:34:24.0327327Z |■■■■■■■■■■■■■■■■■■■■■■■■■■■■■■■■■■■■■■■■■■■■■■■■■■■■■■■■■■■■■■■■■■■■■■■■■■■■■■■■| 100% of 114.2 MiB
2026-10-07T10:34:25.8610915Z Chrome Headless Shell 149.0.7827.55 (playwright chromium-headless-shell v1228) downloaded to /home/runner/.cache/ms-playwright/chromium_headless_shell-1228
2026-10-07T10:34:25.8613584Z Downloading WebKit 26.5 (playwright webkit v2311) from https://cdn.playwright.dev/dbazure/download/playwright/builds/webkit/2311/webkit-ubuntu-24.04.zip
2026-10-07T10:34:26.8811035Z |                                                                                |   0% of 100.9 MiB
2026-10-07T10:34:27.0903444Z |■■■■■■■■                                                                        |  10% of 100.9 MiB
2026-10-07T10:34:27.1476013Z |■■■■■■■■■■■■■■■■                                                                |  20% of 100.9 MiB
2026-10-07T10:34:27.1945927Z |■■■■■■■■■■■■■■■■■■■■■■■■                                                        |  30% of 100.9 MiB
2026-10-07T10:34:27.2480644Z |■■■■■■■■■■■■■■■■■■■■■■■■■■■■■■■■                                                |  40% of 100.9 MiB
2026-10-07T10:34:27.2973168Z |■■■■■■■■■■■■■■■■■■■■■■■■■■■■■■■■■■■■■■■■                                        |  50% of 100.9 MiB
2026-10-07T10:34:27.3495883Z |■■■■■■■■■■■■■■■■■■■■■■■■■■■■■■■■■■■■■■■■■■■■■■■■                                |  60% of 100.9 MiB
2026-10-07T10:34:27.3986638Z |■■■■■■■■■■■■■■■■■■■■■■■■■■■■■■■■■■■■■■■■■■■■■■■■■■■■■■■■                        |  70% of 100.9 MiB
2026-10-07T10:34:27.4505795Z |■■■■■■■■■■■■■■■■■■■■■■■■■■■■■■■■■■■■■■■■■■■■■■■■■■■■■■■■■■■■■■■■                |  80% of 100.9 MiB
2026-10-07T10:34:27.5087846Z |■■■■■■■■■■■■■■■■■■■■■■■■■■■■■■■■■■■■■■■■■■■■■■■■■■■■■■■■■■■■■■■■■■■■■■■■        |  90% of 100.9 MiB
2026-10-07T10:34:27.5573559Z |■■■■■■■■■■■■■■■■■■■■■■■■■■■■■■■■■■■■■■■■■■■■■■■■■■■■■■■■■■■■■■■■■■■■■■■■■■■■■■■■| 100% of 100.9 MiB
2026-10-07T10:34:29.2239892Z WebKit 26.5 (playwright webkit v2311) downloaded to /home/runner/.cache/ms-playwright/webkit-2311
2026-10-07T10:34:29.4858093Z ##[group]Run npm run build
2026-10-07T10:34:29.4858383Z [36;1mnpm run build[0m
2026-10-07T10:34:29.4927009Z shell: /usr/bin/bash -e {0}
2026-10-07T10:34:29.4927281Z env:
2026-10-07T10:34:29.4927483Z   TZ: Asia/Shanghai
2026-10-07T10:34:29.4928044Z   DATABASE_URL: ***localhost:5432/labnest_test
2026-10-07T10:34:29.4928393Z   LABNEST_BUILD_DIR: .next/calculator-production
2026-10-07T10:34:29.4928733Z   LABNEST_TSCONFIG_PATH: tsconfig.calculator.json
2026-10-07T10:34:29.4929298Z   LABNEST_E2E_BASE_URL: http://localhost:3221
2026-10-07T10:34:29.4929594Z ##[endgroup]
2026-10-07T10:34:29.5940234Z 
2026-10-07T10:34:29.5940584Z > labnest@0.1.0 build
2026-10-07T10:34:29.5941802Z > node scripts/build-calculator-icons.mjs && node scripts/build-calculator-solid-icons.mjs && node scripts/build-calculator-standalone.mjs && prisma generate && next build
2026-10-07T10:34:29.5942451Z 
2026-10-07T10:34:36.2896221Z 46 solid calculator icons generated
2026-10-07T10:34:37.2372437Z Loaded Prisma config from prisma.config.ts.
2026-10-07T10:34:37.2372872Z 
2026-10-07T10:34:37.3418154Z Prisma schema loaded from prisma/schema.prisma.
2026-10-07T10:34:38.2121359Z 
2026-10-07T10:34:38.2122432Z ✔ Generated Prisma Client (7.8.0) to ./src/generated/prisma in 497ms
2026-10-07T10:34:38.2122775Z 
2026-10-07T10:34:38.6227369Z ⚠ No build cache found. Please configure build caching for faster rebuilds. Read more: https://nextjs.org/docs/messages/no-cache
2026-10-07T10:34:38.6316326Z Attention: Next.js now collects completely anonymous telemetry regarding usage.
2026-10-07T10:34:38.6317370Z This information is used to shape Next.js' roadmap and prioritize features.
2026-10-07T10:34:38.6318692Z You can learn more, including how to opt-out if you'd not like to participate in this anonymous program, by visiting the following URL:
2026-10-07T10:34:38.6319883Z https://nextjs.org/telemetry
2026-10-07T10:34:38.6320148Z 
2026-10-07T10:34:38.6484402Z ▲ Next.js 16.2.10 (Turbopack)
2026-10-07T10:34:38.6485522Z - Experiments (use with caution):
2026-10-07T10:34:38.6486489Z   · serverActions
2026-10-07T10:34:38.6488713Z 
2026-10-07T10:34:38.7228649Z   Creating an optimized production build ...
2026-10-07T10:34:58.0172060Z Turbopack build encountered 1 warnings:
2026-10-07T10:34:58.0172779Z ./src/lib/result-datasets.ts:89:24
2026-10-07T10:34:58.0174319Z The file pattern (<dynamic> '/' <dynamic> '/' <dynamic> '-' <dynamic> | <dynamic> '/' <dynamic> '-' <dynamic> | <dynamic> '/' <dynamic> '-' <dynamic> | <dynamic> '-' <dynamic>) matches 11651 files in [project]/
2026-10-07T10:34:58.0175827Z   [90m87 |[0m ....name);
2026-10-07T10:34:58.0176257Z   [90m88 |[0m ...
2026-10-07T10:34:58.0177711Z [31m[1m>[0m [90m89 |[0m ...ullYear()), [33mString[0m(now.getUTCMonth() + [35m1[0m).padStart([35m2[0m, [32m"0"[0m), [32m`[0m${randomUUID()[32m}-[0m${safeAtta...
2026-10-07T10:34:58.0179445Z   [90m   |[0m    [31m[1m^^^^^^^^^^^^^^^^^^^^^^^^^^^^^^^^^^^^^^^^^^^^^^^^^^^^^^^^^^^^^^^^^^^^^^^^^^^^^^^^^^^^^^^^^^[0m
2026-10-07T10:34:58.0180215Z   [90m90 |[0m ...ath);
2026-10-07T10:34:58.0180712Z   [90m91 |[0m ...ve: [36mtrue[0m });
2026-10-07T10:34:58.0181170Z   [90m92 |[0m ...
2026-10-07T10:34:58.0181376Z 
2026-10-07T10:34:58.0181861Z Overly broad patterns can lead to build performance issues and over bundling.
2026-10-07T10:34:58.0182355Z 
2026-10-07T10:34:58.0182496Z Import trace:
2026-10-07T10:34:58.0182810Z   App Route:
2026-10-07T10:34:58.0183179Z     ./src/lib/result-datasets.ts
2026-10-07T10:34:58.0183687Z     ./src/app/api/results/datasets/[id]/route.ts
2026-10-07T10:34:58.0184008Z 
2026-10-07T10:34:58.0184017Z 
2026-10-07T10:34:58.0411221Z ✓ Compiled successfully in 19.1s
2026-10-07T10:34:58.0464285Z   Running TypeScript ...
2026-10-07T10:35:19.5560897Z   Finished TypeScript in 21.5s ...
2026-10-07T10:35:19.5602134Z   Collecting page data using 3 workers ...
2026-10-07T10:35:21.0165298Z   Generating static pages using 3 workers (0/79) ...
2026-10-07T10:35:21.1825019Z   Generating static pages using 3 workers (19/79) 
2026-10-07T10:35:21.2293231Z   Generating static pages using 3 workers (39/79) 
2026-10-07T10:35:21.2850667Z   Generating static pages using 3 workers (59/79) 
2026-10-07T10:35:21.3610370Z ✓ Generating static pages using 3 workers (79/79) in 345ms
2026-10-07T10:35:21.3673255Z   Finalizing page optimization ...
2026-10-07T10:35:21.3859415Z 
2026-10-07T10:35:21.3889974Z Route (app)
2026-10-07T10:35:21.3890733Z ┌ ƒ /
2026-10-07T10:35:21.3891074Z ├ ƒ /_not-found
2026-10-07T10:35:21.3891447Z ├ ƒ /actions
2026-10-07T10:35:21.3891847Z ├ ƒ /actions/manual
2026-10-07T10:35:21.3892274Z ├ ƒ /api/ai/manual/parse
2026-10-07T10:35:21.3892742Z ├ ƒ /api/ai/manual/prompt
2026-10-07T10:35:21.3893241Z ├ ƒ /api/attachments
2026-10-07T10:35:21.3893703Z ├ ƒ /api/attachments/[id]
2026-10-07T10:35:21.3894138Z ├ ƒ /api/attachments/package
2026-10-07T10:35:21.3894542Z ├ ƒ /api/entries
2026-10-07T10:35:21.3894891Z ├ ƒ /api/entries/[id]
2026-10-07T10:35:21.3895300Z ├ ƒ /api/entries/[id]/assignment
2026-10-07T10:35:21.3895863Z ├ ƒ /api/experiments/[id]
2026-10-07T10:35:21.3896335Z ├ ƒ /api/experiments/[id]/copy
2026-10-07T10:35:21.3896846Z ├ ƒ /api/experiments/[id]/materials
2026-10-07T10:35:21.3897444Z ├ ƒ /api/experiments/[id]/steps/order
2026-10-07T10:35:21.3897977Z ├ ƒ /api/exports/backup.json
2026-10-07T10:35:21.3898446Z ├ ƒ /api/exports/entities.csv
2026-10-07T10:35:21.3898935Z ├ ƒ /api/exports/inventory.csv
2026-10-07T10:35:21.3899701Z ├ ƒ /api/exports/protocols.json
2026-10-07T10:35:21.3900160Z ├ ƒ /api/exports/results.csv
2026-10-07T10:35:21.3900588Z ├ ƒ /api/health
2026-10-07T10:35:21.3901044Z ├ ƒ /api/inventory/[id]/containers
2026-10-07T10:35:21.3901517Z ├ ƒ /api/mobile/calculations
2026-10-07T10:35:21.3902038Z ├ ƒ /api/mobile/inventory-transactions
2026-10-07T10:35:21.3902537Z ├ ƒ /api/mobile/measurements
2026-10-07T10:35:21.3903029Z ├ ƒ /api/mobile/step-completions
2026-10-07T10:35:21.3903675Z ├ ƒ /api/protocols/[id]/versions/[versionId]/docx
2026-10-07T10:35:21.3904361Z ├ ƒ /api/protocols/[id]/versions/[versionId]/json
2026-10-07T10:35:21.3904995Z ├ ƒ /api/protocols/relevant-items
2026-10-07T10:35:21.3905521Z ├ ƒ /api/protocols/template/docx
2026-10-07T10:35:21.3905955Z ├ ƒ /api/purchases
2026-10-07T10:35:21.3906347Z ├ ƒ /api/purchases/[id]
2026-10-07T10:35:21.3906761Z ├ ƒ /api/purchases/export
2026-10-07T10:35:21.3907188Z ├ ƒ /api/purchases/quotes
2026-10-07T10:35:21.3907643Z ├ ƒ /api/reports/[id]/markdown
2026-10-07T10:35:21.3908176Z ├ ƒ /api/research-plans/[id]/relations
2026-10-07T10:35:21.3908698Z ├ ƒ /api/results/[id]/datasets
2026-10-07T10:35:21.3909330Z ├ ƒ /api/results/datasets/[id]
2026-10-07T10:35:21.3909751Z ├ ƒ /api/search
2026-10-07T10:35:21.3910113Z ├ ƒ /api/sequences/export
2026-10-07T10:35:21.3910503Z ├ ƒ /api/sequences/template
2026-10-07T10:35:21.3910992Z ├ ƒ /api/structured-export/[module]
2026-10-07T10:35:21.3911473Z ├ ƒ /api/structured-import/[module]/confirm
2026-10-07T10:35:21.3912064Z ├ ƒ /api/structured-import/[module]/preview
2026-10-07T10:35:21.3912876Z ├ ƒ /api/structured-import/[module]/template
2026-10-07T10:35:21.3926753Z ├ ƒ /attachments
2026-10-07T10:35:21.3927148Z ├ ƒ /attachments/[id]
2026-10-07T10:35:21.3927503Z ├ ƒ /entities
2026-10-07T10:35:21.3927860Z ├ ƒ /entities/new
2026-10-07T10:35:21.3928200Z ├ ƒ /entries
2026-10-07T10:35:21.3928536Z ├ ƒ /entries/[id]
2026-10-07T10:35:21.3928903Z ├ ƒ /entries/[id]/edit
2026-10-07T10:35:21.3929419Z ├ ƒ /entries/new
2026-10-07T10:35:21.3929730Z ├ ƒ /experiments
2026-10-07T10:35:21.3929971Z ├ ƒ /experiments/[id]
2026-10-07T10:35:21.3930251Z ├ ƒ /experiments/[id]/edit
2026-10-07T10:35:21.3930628Z ├ ƒ /experiments/[id]/run
2026-10-07T10:35:21.3931025Z ├ ƒ /experiments/export
2026-10-07T10:35:21.3931386Z ├ ƒ /experiments/import
2026-10-07T10:35:21.3931644Z ├ ƒ /experiments/new
2026-10-07T10:35:21.3931877Z ├ ƒ /exports
2026-10-07T10:35:21.3932094Z ├ ƒ /inventory
2026-10-07T10:35:21.3932337Z ├ ƒ /inventory/[id]
2026-10-07T10:35:21.3932602Z ├ ƒ /inventory/[id]/edit
2026-10-07T10:35:21.3932874Z ├ ƒ /inventory/export
2026-10-07T10:35:21.3933571Z ├ ƒ /inventory/import
2026-10-07T10:35:21.3933997Z ├ ƒ /inventory/locations
2026-10-07T10:35:21.3934261Z ├ ƒ /inventory/new
2026-10-07T10:35:21.3934496Z ├ ƒ /projects
2026-10-07T10:35:21.3934883Z ├ ƒ /projects/[id]
2026-10-07T10:35:21.3935135Z ├ ƒ /projects/[id]/edit
2026-10-07T10:35:21.3935404Z ├ ƒ /projects/export
2026-10-07T10:35:21.3935660Z ├ ƒ /projects/import
2026-10-07T10:35:21.3935899Z ├ ƒ /projects/new
2026-10-07T10:35:21.3936139Z ├ ƒ /protocol-run
2026-10-07T10:35:21.3936366Z ├ ƒ /protocols
2026-10-07T10:35:21.3936603Z ├ ƒ /protocols/[id]
2026-10-07T10:35:21.3936866Z ├ ƒ /protocols/[id]/adapt
2026-10-07T10:35:21.3937233Z ├ ƒ /protocols/[id]/versions/[versionId]/edit
2026-10-07T10:35:21.3937569Z ├ ƒ /protocols/export
2026-10-07T10:35:21.3937829Z ├ ƒ /protocols/import
2026-10-07T10:35:21.3938080Z ├ ƒ /protocols/new
2026-10-07T10:35:21.3938313Z ├ ƒ /purchases
2026-10-07T10:35:21.3938552Z ├ ƒ /purchases/[id]
2026-10-07T10:35:21.3938809Z ├ ƒ /purchases/import
2026-10-07T10:35:21.3942241Z ├ ƒ /purchases/new
2026-10-07T10:35:21.3942616Z ├ ƒ /purchases/school-template
2026-10-07T10:35:21.3942890Z ├ ƒ /records
2026-10-07T10:35:21.3943112Z ├ ƒ /reports
2026-10-07T10:35:21.3943338Z ├ ƒ /reports/[id]
2026-10-07T10:35:21.3943589Z ├ ƒ /reports/[id]/edit
2026-10-07T10:35:21.3944042Z ├ ƒ /reports/export
2026-10-07T10:35:21.3944332Z ├ ƒ /reports/import
2026-10-07T10:35:21.3944676Z ├ ƒ /reports/new
2026-10-07T10:35:21.3944991Z ├ ƒ /research-plans
2026-10-07T10:35:21.3945266Z ├ ƒ /research-plans/[id]
2026-10-07T10:35:21.3945663Z ├ ƒ /research-plans/[id]/edit
2026-10-07T10:35:21.3946060Z ├ ƒ /research-plans/export
2026-10-07T10:35:21.3946437Z ├ ƒ /research-plans/import
2026-10-07T10:35:21.3946717Z ├ ƒ /research-plans/new
2026-10-07T10:35:21.3946962Z ├ ƒ /results
2026-10-07T10:35:21.3947283Z ├ ƒ /results/[id]
2026-10-07T10:35:21.3947538Z ├ ƒ /results/[id]/edit
2026-10-07T10:35:21.3947790Z ├ ƒ /results/export
2026-10-07T10:35:21.3948126Z ├ ƒ /results/import
2026-10-07T10:35:21.3948443Z ├ ƒ /results/new
2026-10-07T10:35:21.3948788Z ├ ƒ /samples
2026-10-07T10:35:21.3949258Z ├ ƒ /search
2026-10-07T10:35:21.3949567Z ├ ƒ /sequences
2026-10-07T10:35:21.3949914Z ├ ƒ /sequences/[id]
2026-10-07T10:35:21.3950284Z ├ ƒ /sequences/[id]/edit
2026-10-07T10:35:21.3950691Z ├ ƒ /sequences/collections
2026-10-07T10:35:21.3951147Z ├ ƒ /sequences/collections/[id]
2026-10-07T10:35:21.3951635Z ├ ƒ /sequences/collections/[id]/edit
2026-10-07T10:35:21.3952170Z ├ ƒ /sequences/collections/export
2026-10-07T10:35:21.3952637Z ├ ƒ /sequences/collections/new
2026-10-07T10:35:21.3953048Z ├ ƒ /sequences/export
2026-10-07T10:35:21.3954015Z ├ ƒ /sequences/import
2026-10-07T10:35:21.3954385Z ├ ƒ /sequences/new
2026-10-07T10:35:21.3954791Z ├ ƒ /sequences/pairs/[id]
2026-10-07T10:35:21.3955274Z ├ ƒ /sequences/pairs/[id]/edit
2026-10-07T10:35:21.3955692Z ├ ƒ /sequences/workflows
2026-10-07T10:35:21.3956185Z ├ ƒ /sequences/workflows/[id]
2026-10-07T10:35:21.3956664Z ├ ƒ /sequences/workflows/new
2026-10-07T10:35:21.3957065Z ├ ƒ /settings
2026-10-07T10:35:21.3957314Z ├ ƒ /tools
2026-10-07T10:35:21.3957561Z ├ ƒ /tools/[toolId]
2026-10-07T10:35:21.3957922Z ├ ƒ /tools/calculator
2026-10-07T10:35:21.3958331Z ├ ƒ /tools/calculator/[calculatorId]
2026-10-07T10:35:21.3958785Z ├ ƒ /tools/visualization
2026-10-07T10:35:21.3959290Z └ ƒ /trash
2026-10-07T10:35:21.3959464Z 
2026-10-07T10:35:21.3959474Z 
2026-10-07T10:35:21.3959781Z ƒ  (Dynamic)  server-rendered on demand
2026-10-07T10:35:21.3960076Z 
2026-10-07T10:35:21.5072116Z ##[group]Run node scripts/calculator-acceptance-server.mjs > calculator-server.log 2>&1 &
2026-10-07T10:35:21.5073235Z [36;1mnode scripts/calculator-acceptance-server.mjs > calculator-server.log 2>&1 &[0m
2026-10-07T10:35:21.5073933Z [36;1mfor attempt in $(seq 1 60); do[0m
2026-10-07T10:35:21.5074524Z [36;1m  if curl --fail http://localhost:3221/api/health; then exit 0; fi[0m
2026-10-07T10:35:21.5075055Z [36;1m  sleep 1[0m
2026-10-07T10:35:21.5075367Z [36;1mdone[0m
2026-10-07T10:35:21.5075637Z [36;1mcat calculator-server.log[0m
2026-10-07T10:35:21.5076121Z [36;1mexit 1[0m
2026-10-07T10:35:21.5144705Z shell: /usr/bin/bash -e {0}
2026-10-07T10:35:21.5144975Z env:
2026-10-07T10:35:21.5145188Z   TZ: Asia/Shanghai
2026-10-07T10:35:21.5145720Z   DATABASE_URL: ***localhost:5432/labnest_test
2026-10-07T10:35:21.5146074Z   LABNEST_BUILD_DIR: .next/calculator-production
2026-10-07T10:35:21.5146416Z   LABNEST_TSCONFIG_PATH: tsconfig.calculator.json
2026-10-07T10:35:21.5146809Z   LABNEST_E2E_BASE_URL: http://localhost:3221
2026-10-07T10:35:21.5147104Z ##[endgroup]
2026-10-07T10:35:21.5387879Z   % Total    % Received % Xferd  Average Speed   Time    Time     Time  Current
2026-10-07T10:35:21.5388718Z                                  Dload  Upload   Total   Spent    Left  Speed
2026-10-07T10:35:21.5389453Z 
2026-10-07T10:35:21.5391637Z   0     0    0     0    0     0      0      0 --:--:-- --:--:-- --:--:--     0
2026-10-07T10:35:21.5392414Z   0     0    0     0    0     0      0      0 --:--:-- --:--:-- --:--:--     0
2026-10-07T10:35:21.5393872Z curl: (7) Failed to connect to localhost port 3221 after 0 ms: Couldn't connect to server
2026-10-07T10:35:22.5479778Z   % Total    % Received % Xferd  Average Speed   Time    Time     Time  Current
2026-10-07T10:35:22.5480702Z                                  Dload  Upload   Total   Spent    Left  Speed
2026-10-07T10:35:22.5481134Z 
2026-10-07T10:35:22.5481516Z   0     0    0     0    0     0      0      0 --:--:-- --:--:-- --:--:--     0
2026-10-07T10:35:22.5482261Z   0     0    0     0    0     0      0      0 --:--:-- --:--:-- --:--:--     0
2026-10-07T10:35:22.5483349Z curl: (7) Failed to connect to localhost port 3221 after 0 ms: Couldn't connect to server
2026-10-07T10:35:23.5564080Z   % Total    % Received % Xferd  Average Speed   Time    Time     Time  Current
2026-10-07T10:35:23.5564858Z                                  Dload  Upload   Total   Spent    Left  Speed
2026-10-07T10:35:23.5565223Z 
2026-10-07T10:35:23.5569666Z   0     0    0     0    0     0      0      0 --:--:-- --:--:-- --:--:--     0
2026-10-07T10:35:23.5570373Z   0     0    0     0    0     0      0      0 --:--:-- --:--:-- --:--:--     0
2026-10-07T10:35:23.5571292Z curl: (7) Failed to connect to localhost port 3221 after 0 ms: Couldn't connect to server
2026-10-07T10:35:24.5652353Z   % Total    % Received % Xferd  Average Speed   Time    Time     Time  Current
2026-10-07T10:35:24.5653182Z                                  Dload  Upload   Total   Spent    Left  Speed
2026-10-07T10:35:24.5653625Z 
2026-10-07T10:35:24.5654460Z   0     0    0     0    0     0      0      0 --:--:-- --:--:-- --:--:--     0
2026-10-07T10:35:24.5656036Z   0     0    0     0    0     0      0      0 --:--:-- --:--:-- --:--:--     0
2026-10-07T10:35:24.5657263Z curl: (7) Failed to connect to localhost port 3221 after 0 ms: Couldn't connect to server
2026-10-07T10:35:25.5817283Z   % Total    % Received % Xferd  Average Speed   Time    Time     Time  Current
2026-10-07T10:35:25.5818524Z                                  Dload  Upload   Total   Spent    Left  Speed
2026-10-07T10:35:25.5819536Z 
2026-10-07T10:35:25.5820061Z   0     0    0     0    0     0      0      0 --:--:-- --:--:-- --:--:--     0
2026-10-07T10:35:25.5820947Z   0     0    0     0    0     0      0      0 --:--:-- --:--:-- --:--:--     0
2026-10-07T10:35:25.5822086Z curl: (7) Failed to connect to localhost port 3221 after 0 ms: Couldn't connect to server
2026-10-07T10:35:26.5907169Z   % Total    % Received % Xferd  Average Speed   Time    Time     Time  Current
2026-10-07T10:35:26.5908133Z                                  Dload  Upload   Total   Spent    Left  Speed
2026-10-07T10:35:26.5908593Z 
2026-10-07T10:35:27.2795055Z   0     0    0     0    0     0      0      0 --:--:-- --:--:-- --:--:--     0
2026-10-07T10:35:27.2796258Z 100    77    0    77    0     0    111      0 --:--:-- --:--:-- --:--:--   112
2026-10-07T10:35:27.2797335Z {"status":"ok","database":"reachable","checkedAt":"2026-10-07T10:35:27.161Z"}
2026-10-07T10:35:27.2842499Z ##[group]Run node scripts/verify-calculator-v13-acceptance.mjs
2026-10-07T10:35:27.2843303Z [36;1mnode scripts/verify-calculator-v13-acceptance.mjs[0m
2026-10-07T10:35:27.2912648Z shell: /usr/bin/bash -e {0}
2026-10-07T10:35:27.2912939Z env:
2026-10-07T10:35:27.2913156Z   TZ: Asia/Shanghai
2026-10-07T10:35:27.2914066Z   DATABASE_URL: ***localhost:5432/labnest_test
2026-10-07T10:35:27.2914429Z   LABNEST_BUILD_DIR: .next/calculator-production
2026-10-07T10:35:27.2914771Z   LABNEST_TSCONFIG_PATH: tsconfig.calculator.json
2026-10-07T10:35:27.2915113Z   LABNEST_E2E_BASE_URL: http://localhost:3221
2026-10-07T10:35:27.2915413Z ##[endgroup]
2026-10-07T10:35:59.6961493Z 通过: reaction-mix-20260916 (32360 ms)
2026-10-07T10:36:20.0028343Z 通过: run-v12 (20306 ms)
2026-10-07T10:36:27.6569661Z 通过: pipetting-v12 (7654 ms)
2026-10-07T10:36:27.7449745Z 通过: v12-database (88 ms)
2026-10-07T10:36:47.3791702Z 通过: refactor (19634 ms)
2026-10-07T10:37:09.1455501Z 通过: legacy (21766 ms)
2026-10-07T10:37:16.7050439Z 通过: compact-ui (7559 ms)
2026-10-07T10:37:18.4963746Z 通过: plate (1791 ms)
2026-10-07T10:37:24.5484506Z 通过: storage-appearance (6051 ms)
2026-10-07T10:37:58.4344696Z 通过: appearance (33885 ms)
2026-10-07T10:38:02.0275542Z 通过: integration (3593 ms)
2026-10-07T10:38:02.1146393Z 通过: database (87 ms)
2026-10-07T10:38:03.9195701Z 通过: rejection (1805 ms)
2026-10-07T10:38:14.0624623Z 通过: visual-v11 (10142 ms)
2026-10-07T10:38:16.9740315Z 通过: standalone-v11 (2911 ms)
2026-10-07T10:39:00.7267379Z 通过: ux-v13 (43753 ms)
2026-10-07T10:39:02.5914709Z 通过: formal-exports (1864 ms)
2026-10-07T10:39:52.8275229Z 通过: navigation-icons (50235 ms)
2026-10-07T10:39:54.5273040Z 通过: colony-v13 (1699 ms)
2026-10-07T10:39:56.5334635Z 通过: cache-clear-failure (2005 ms)
2026-10-07T10:40:05.1229933Z 通过: copy-recent (8589 ms)
2026-10-07T10:40:08.9422514Z 通过: transfection (3819 ms)
2026-10-07T10:40:10.6680926Z 通过: transfection-database (1725 ms)
2026-10-07T10:40:33.2039648Z 通过: presets-20260915 (22535 ms)
2026-10-07T10:40:37.2643515Z 通过: offline-management-20260915 (4060 ms)
2026-10-07T10:40:37.3060049Z ##[group]Run UI_PHASE=after node scripts/verify-calculator-ui-consistency-20261007.mjs
2026-10-07T10:40:37.3060738Z [36;1mUI_PHASE=after node scripts/verify-calculator-ui-consistency-20261007.mjs[0m
2026-10-07T10:40:37.3129159Z shell: /usr/bin/bash -e {0}
2026-10-07T10:40:37.3129463Z env:
2026-10-07T10:40:37.3129670Z   TZ: Asia/Shanghai
2026-10-07T10:40:37.3130222Z   DATABASE_URL: ***localhost:5432/labnest_test
2026-10-07T10:40:37.3130582Z   LABNEST_BUILD_DIR: .next/calculator-production
2026-10-07T10:40:37.3130936Z   LABNEST_TSCONFIG_PATH: tsconfig.calculator.json
2026-10-07T10:40:37.3131277Z   LABNEST_E2E_BASE_URL: http://localhost:3221
2026-10-07T10:40:37.3131574Z ##[endgroup]
2026-10-07T10:40:39.4626249Z after chromium 1440 hemocytometer: opened / example / 1 disclosures
2026-10-07T10:40:40.7627577Z after chromium 1440 seeding: opened / example / 3 disclosures
2026-10-07T10:40:42.0481368Z after chromium 1440 hydrogel: opened / example / 3 disclosures
2026-10-07T10:40:43.1817839Z after chromium 1440 split: opened / example / 2 disclosures
2026-10-07T10:40:44.4650386Z after chromium 1440 freezing: opened / example / 3 disclosures
2026-10-07T10:40:46.4259821Z after chromium 1440 transfection: opened / example / 6 disclosures
2026-10-07T10:40:48.0005697Z after chromium 1440 kill-curve: opened / example / 5 disclosures
2026-10-07T10:40:49.2794018Z after chromium 1440 viability: opened / example / 3 disclosures
2026-10-07T10:40:50.4810435Z after chromium 1440 od600: opened / example / 2 disclosures
2026-10-07T10:40:51.4948350Z after chromium 1440 cfu: opened / example / 1 disclosures
2026-10-07T10:40:52.3096924Z after chromium 1440 colony-counter: opened / example / 0 disclosures
2026-10-07T10:40:53.7323678Z after chromium 1440 dilution: opened / example / 4 disclosures
2026-10-07T10:40:55.4566843Z after chromium 1440 serial-dilution: opened / example / 6 disclosures
2026-10-07T10:40:56.8785713Z after chromium 1440 molarity: opened / example / 4 disclosures
2026-10-07T10:40:58.1625465Z after chromium 1440 percent-solution: opened / example / 3 disclosures
2026-10-07T10:40:59.7331997Z after chromium 1440 media-recipe: opened / example / 5 disclosures
2026-10-07T10:41:01.2839259Z after chromium 1440 buffer-recipe: opened / example / 5 disclosures
2026-10-07T10:41:02.8701726Z after chromium 1440 ic50-ec50: opened / example / 5 disclosures
2026-10-07T10:41:04.2244331Z after chromium 1440 master-mix: opened / example / 3 disclosures
2026-10-07T10:41:05.2781834Z after chromium 1440 ligation: opened / example / 1 disclosures
2026-10-07T10:41:06.3950325Z after chromium 1440 tm: opened / example / 2 disclosures
2026-10-07T10:41:07.5475527Z after chromium 1440 dna-rna-conversion: opened / example / 2 disclosures
2026-10-07T10:41:09.1196834Z after chromium 1440 bradford-bca: opened / example / 5 disclosures
2026-10-07T10:41:10.6864205Z after chromium 1440 elisa-4pl: opened / example / 5 disclosures
2026-10-07T10:41:12.3880854Z after chromium 1440 wb-loading: opened / example / 6 disclosures
2026-10-07T10:41:13.8154776Z after chromium 1440 moi: opened / example / 4 disclosures
2026-10-07T10:41:14.8105592Z after chromium 1440 virus-titer: opened / example / 1 disclosures
2026-10-07T10:41:15.8084846Z after chromium 1440 unit-converter: opened / example / 1 disclosures
2026-10-07T10:41:16.7775106Z after chromium 1440 centrifuge: opened / example / 1 disclosures
2026-10-07T10:41:18.2283713Z after chromium 1440 resuspension: opened / example / 4 disclosures
2026-10-07T10:41:20.0147850Z after chromium 1440 normalization: opened / example / 7 disclosures
2026-10-07T10:41:22.8235137Z after chromium 390 hemocytometer: opened / example / 1 disclosures
2026-10-07T10:41:24.0408013Z after chromium 390 seeding: opened / example / 3 disclosures
2026-10-07T10:41:25.2404696Z after chromium 390 hydrogel: opened / example / 3 disclosures
2026-10-07T10:41:26.3564684Z after chromium 390 split: opened / example / 2 disclosures
2026-10-07T10:41:27.5421247Z after chromium 390 freezing: opened / example / 3 disclosures
2026-10-07T10:41:29.3908685Z after chromium 390 transfection: opened / example / 6 disclosures
2026-10-07T10:41:31.0868610Z after chromium 390 kill-curve: opened / example / 5 disclosures
2026-10-07T10:41:32.3225134Z after chromium 390 viability: opened / example / 3 disclosures
2026-10-07T10:41:33.4419270Z after chromium 390 od600: opened / example / 2 disclosures
2026-10-07T10:41:34.3552174Z after chromium 390 cfu: opened / example / 1 disclosures
2026-10-07T10:41:35.0906739Z after chromium 390 colony-counter: opened / example / 0 disclosures
2026-10-07T10:41:36.3918828Z after chromium 390 dilution: opened / example / 4 disclosures
2026-10-07T10:41:38.2585774Z after chromium 390 serial-dilution: opened / example / 6 disclosures
2026-10-07T10:41:39.7059417Z after chromium 390 molarity: opened / example / 4 disclosures
2026-10-07T10:41:40.9717789Z after chromium 390 percent-solution: opened / example / 3 disclosures
2026-10-07T10:41:42.5557104Z after chromium 390 media-recipe: opened / example / 5 disclosures
2026-10-07T10:41:44.1207237Z after chromium 390 buffer-recipe: opened / example / 5 disclosures
2026-10-07T10:41:45.8903162Z after chromium 390 ic50-ec50: opened / example / 5 disclosures
2026-10-07T10:41:47.3121692Z after chromium 390 master-mix: opened / example / 3 disclosures
2026-10-07T10:41:48.2530016Z after chromium 390 ligation: opened / example / 1 disclosures
2026-10-07T10:41:49.3533138Z after chromium 390 tm: opened / example / 2 disclosures
2026-10-07T10:41:50.4576829Z after chromium 390 dna-rna-conversion: opened / example / 2 disclosures
2026-10-07T10:41:52.2390983Z after chromium 390 bradford-bca: opened / example / 5 disclosures
2026-10-07T10:41:54.0060410Z after chromium 390 elisa-4pl: opened / example / 5 disclosures
2026-10-07T10:41:55.9405780Z after chromium 390 wb-loading: opened / example / 6 disclosures
2026-10-07T10:41:57.2738575Z after chromium 390 moi: opened / example / 4 disclosures
2026-10-07T10:41:58.2872578Z after chromium 390 virus-titer: opened / example / 1 disclosures
2026-10-07T10:41:59.2852685Z after chromium 390 unit-converter: opened / example / 1 disclosures
2026-10-07T10:42:00.2032899Z after chromium 390 centrifuge: opened / example / 1 disclosures
2026-10-07T10:42:01.5367689Z after chromium 390 resuspension: opened / example / 4 disclosures
2026-10-07T10:42:03.4169629Z after chromium 390 normalization: opened / example / 7 disclosures
2026-10-07T10:42:09.2943063Z after webkit 1440 hemocytometer: opened / example / 1 disclosures
2026-10-07T10:42:10.7635990Z after webkit 1440 seeding: opened / example / 3 disclosures
2026-10-07T10:42:12.2807147Z after webkit 1440 hydrogel: opened / example / 3 disclosures
2026-10-07T10:42:13.5795500Z after webkit 1440 split: opened / example / 2 disclosures
2026-10-07T10:42:15.0064877Z after webkit 1440 freezing: opened / example / 3 disclosures
2026-10-07T10:42:17.2468852Z after webkit 1440 transfection: opened / example / 6 disclosures
2026-10-07T10:42:19.0002448Z after webkit 1440 kill-curve: opened / example / 5 disclosures
2026-10-07T10:42:20.3985953Z after webkit 1440 viability: opened / example / 3 disclosures
2026-10-07T10:42:21.7082259Z after webkit 1440 od600: opened / example / 2 disclosures
2026-10-07T10:42:22.8936850Z after webkit 1440 cfu: opened / example / 1 disclosures
2026-10-07T10:42:23.9621052Z after webkit 1440 colony-counter: opened / example / 0 disclosures
2026-10-07T10:42:25.6458576Z after webkit 1440 dilution: opened / example / 4 disclosures
2026-10-07T10:42:27.7335029Z after webkit 1440 serial-dilution: opened / example / 6 disclosures
2026-10-07T10:42:29.3121237Z after webkit 1440 molarity: opened / example / 4 disclosures
2026-10-07T10:42:30.7655921Z after webkit 1440 percent-solution: opened / example / 3 disclosures
2026-10-07T10:42:32.6021717Z after webkit 1440 media-recipe: opened / example / 5 disclosures
2026-10-07T10:42:34.3913572Z after webkit 1440 buffer-recipe: opened / example / 5 disclosures
2026-10-07T10:42:36.2187322Z after webkit 1440 ic50-ec50: opened / example / 5 disclosures
2026-10-07T10:42:37.7013375Z after webkit 1440 master-mix: opened / example / 3 disclosures
2026-10-07T10:42:38.8501912Z after webkit 1440 ligation: opened / example / 1 disclosures
2026-10-07T10:42:40.1643266Z after webkit 1440 tm: opened / example / 2 disclosures
2026-10-07T10:42:41.4924313Z after webkit 1440 dna-rna-conversion: opened / example / 2 disclosures
2026-10-07T10:42:43.3172106Z after webkit 1440 bradford-bca: opened / example / 5 disclosures
2026-10-07T10:42:45.1136137Z after webkit 1440 elisa-4pl: opened / example / 5 disclosures
2026-10-07T10:42:47.0071256Z after webkit 1440 wb-loading: opened / example / 6 disclosures
2026-10-07T10:42:48.6273501Z after webkit 1440 moi: opened / example / 4 disclosures
2026-10-07T10:42:49.7910570Z after webkit 1440 virus-titer: opened / example / 1 disclosures
2026-10-07T10:42:50.9309769Z after webkit 1440 unit-converter: opened / example / 1 disclosures
2026-10-07T10:42:52.1161800Z after webkit 1440 centrifuge: opened / example / 1 disclosures
2026-10-07T10:42:53.7302753Z after webkit 1440 resuspension: opened / example / 4 disclosures
2026-10-07T10:42:55.8152116Z after webkit 1440 normalization: opened / example / 7 disclosures
2026-10-07T10:42:59.1091623Z after webkit 390 hemocytometer: opened / example / 1 disclosures
2026-10-07T10:43:00.3626692Z after webkit 390 seeding: opened / example / 3 disclosures
2026-10-07T10:43:01.5971565Z after webkit 390 hydrogel: opened / example / 3 disclosures
2026-10-07T10:43:02.8046486Z after webkit 390 split: opened / example / 2 disclosures
2026-10-07T10:43:04.0455809Z after webkit 390 freezing: opened / example / 3 disclosures
2026-10-07T10:43:06.0190511Z after webkit 390 transfection: opened / example / 6 disclosures
2026-10-07T10:43:07.8250234Z after webkit 390 kill-curve: opened / example / 5 disclosures
2026-10-07T10:43:09.1533713Z after webkit 390 viability: opened / example / 3 disclosures
2026-10-07T10:43:10.3583704Z after webkit 390 od600: opened / example / 2 disclosures
2026-10-07T10:43:11.3379497Z after webkit 390 cfu: opened / example / 1 disclosures
2026-10-07T10:43:12.1668669Z after webkit 390 colony-counter: opened / example / 0 disclosures
2026-10-07T10:43:13.5393077Z after webkit 390 dilution: opened / example / 4 disclosures
2026-10-07T10:43:15.5536952Z after webkit 390 serial-dilution: opened / example / 6 disclosures
2026-10-07T10:43:17.0315209Z after webkit 390 molarity: opened / example / 4 disclosures
2026-10-07T10:43:18.3724566Z after webkit 390 percent-solution: opened / example / 3 disclosures
2026-10-07T10:43:20.0827464Z after webkit 390 media-recipe: opened / example / 5 disclosures
2026-10-07T10:43:21.8406238Z after webkit 390 buffer-recipe: opened / example / 5 disclosures
2026-10-07T10:43:23.7494810Z after webkit 390 ic50-ec50: opened / example / 5 disclosures
2026-10-07T10:43:25.2451500Z after webkit 390 master-mix: opened / example / 3 disclosures
2026-10-07T10:43:26.2901795Z after webkit 390 ligation: opened / example / 1 disclosures
2026-10-07T10:43:27.4820335Z after webkit 390 tm: opened / example / 2 disclosures
2026-10-07T10:43:28.7429700Z after webkit 390 dna-rna-conversion: opened / example / 2 disclosures
2026-10-07T10:43:30.6117164Z after webkit 390 bradford-bca: opened / example / 5 disclosures
2026-10-07T10:43:32.5121077Z after webkit 390 elisa-4pl: opened / example / 5 disclosures
2026-10-07T10:43:34.6004751Z after webkit 390 wb-loading: opened / example / 6 disclosures
2026-10-07T10:43:36.0435520Z after webkit 390 moi: opened / example / 4 disclosures
2026-10-07T10:43:37.1317379Z after webkit 390 virus-titer: opened / example / 1 disclosures
2026-10-07T10:43:38.3056181Z after webkit 390 unit-converter: opened / example / 1 disclosures
2026-10-07T10:43:39.3943673Z after webkit 390 centrifuge: opened / example / 1 disclosures
2026-10-07T10:43:40.9307728Z after webkit 390 resuspension: opened / example / 4 disclosures
2026-10-07T10:43:43.0673451Z after webkit 390 normalization: opened / example / 7 disclosures
2026-10-07T10:43:44.9221523Z ##[group]Run node scripts/verify-calculator-ui-state-20261007.mjs
2026-10-07T10:43:44.9222016Z [36;1mnode scripts/verify-calculator-ui-state-20261007.mjs[0m
2026-10-07T10:43:44.9289196Z shell: /usr/bin/bash -e {0}
2026-10-07T10:43:44.9289491Z env:
2026-10-07T10:43:44.9289704Z   TZ: Asia/Shanghai
2026-10-07T10:43:44.9290241Z   DATABASE_URL: ***localhost:5432/labnest_test
2026-10-07T10:43:44.9290602Z   LABNEST_BUILD_DIR: .next/calculator-production
2026-10-07T10:43:44.9290950Z   LABNEST_TSCONFIG_PATH: tsconfig.calculator.json
2026-10-07T10:43:44.9291294Z   LABNEST_E2E_BASE_URL: http://localhost:3221
2026-10-07T10:43:44.9291596Z ##[endgroup]
2026-10-07T10:44:41.6289737Z ##[group]Run node scripts/verify-calculator-ui-entries-20261007.mjs
2026-10-07T10:44:41.6290281Z [36;1mnode scripts/verify-calculator-ui-entries-20261007.mjs[0m
2026-10-07T10:44:41.6357858Z shell: /usr/bin/bash -e {0}
2026-10-07T10:44:41.6358119Z env:
2026-10-07T10:44:41.6358320Z   TZ: Asia/Shanghai
2026-10-07T10:44:41.6358874Z   DATABASE_URL: ***localhost:5432/labnest_test
2026-10-07T10:44:41.6359486Z   LABNEST_BUILD_DIR: .next/calculator-production
2026-10-07T10:44:41.6359863Z   LABNEST_TSCONFIG_PATH: tsconfig.calculator.json
2026-10-07T10:44:41.6360214Z   LABNEST_E2E_BASE_URL: http://localhost:3221
2026-10-07T10:44:41.6360504Z ##[endgroup]
2026-10-07T10:45:26.4265363Z ##[group]Run node scripts/verify-calculator-ui-selectors-20261007.mjs
2026-10-07T10:45:26.4266219Z [36;1mnode scripts/verify-calculator-ui-selectors-20261007.mjs[0m
2026-10-07T10:45:26.4356522Z shell: /usr/bin/bash -e {0}
2026-10-07T10:45:26.4356797Z env:
2026-10-07T10:45:26.4356997Z   TZ: Asia/Shanghai
2026-10-07T10:45:26.4357554Z   DATABASE_URL: ***localhost:5432/labnest_test
2026-10-07T10:45:26.4357899Z   LABNEST_BUILD_DIR: .next/calculator-production
2026-10-07T10:45:26.4358240Z   LABNEST_TSCONFIG_PATH: tsconfig.calculator.json
2026-10-07T10:45:26.4358579Z   LABNEST_E2E_BASE_URL: http://localhost:3221
2026-10-07T10:45:26.4358879Z ##[endgroup]
2026-10-07T10:45:31.1938793Z ##[group]Run node scripts/verify-calculator-ui-modes-20260915.mjs
2026-10-07T10:45:31.1939823Z [36;1mnode scripts/verify-calculator-ui-modes-20260915.mjs[0m
2026-10-07T10:45:31.2030990Z shell: /usr/bin/bash -e {0}
2026-10-07T10:45:31.2031262Z env:
2026-10-07T10:45:31.2031468Z   TZ: Asia/Shanghai
2026-10-07T10:45:31.2032020Z   DATABASE_URL: ***localhost:5432/labnest_test
2026-10-07T10:45:31.2032386Z   LABNEST_BUILD_DIR: .next/calculator-production
2026-10-07T10:45:31.2032751Z   LABNEST_TSCONFIG_PATH: tsconfig.calculator.json
2026-10-07T10:45:31.2033084Z   LABNEST_E2E_BASE_URL: http://localhost:3221
2026-10-07T10:45:31.2033382Z ##[endgroup]
2026-10-07T10:45:32.5006706Z passed dilution final
2026-10-07T10:45:33.0191449Z passed dilution add
2026-10-07T10:45:33.4674925Z passed dilution fold
2026-10-07T10:45:33.9476350Z passed dilution ratio
2026-10-07T10:45:34.3996765Z passed dilution parts
2026-10-07T10:45:34.8316958Z passed hemocytometer custom geometry
2026-10-07T10:45:35.2314752Z passed split different areas
2026-10-07T10:45:35.6316047Z passed molarity mass
2026-10-07T10:45:36.0802863Z passed molarity concentration
2026-10-07T10:45:36.5470699Z passed molarity volume
2026-10-07T10:45:37.0289913Z passed percent-solution w/v
2026-10-07T10:45:37.5291778Z passed percent-solution v/v
2026-10-07T10:45:37.9620572Z passed percent-solution w/w
2026-10-07T10:45:38.4963903Z passed resuspension amount
2026-10-07T10:45:38.9963995Z passed resuspension mass
2026-10-07T10:45:39.4647160Z passed resuspension mass-molar
2026-10-07T10:45:39.8770379Z passed centrifuge rpm-to-rcf
2026-10-07T10:45:40.3105698Z passed centrifuge rcf-to-rpm
2026-10-07T10:45:40.7792447Z passed serial-dilution mixed-prepared
2026-10-07T10:45:41.2788779Z passed serial-dilution mixed-stock
2026-10-07T10:45:41.7774597Z passed serial-dilution retained-prepared
2026-10-07T10:45:42.3607602Z passed serial-dilution retained-stock
2026-10-07T10:45:42.9765580Z passed serial-dilution linear
2026-10-07T10:45:43.5598625Z passed serial-dilution custom
2026-10-07T10:45:44.0250088Z passed media-recipe final
2026-10-07T10:45:44.6405131Z passed media-recipe add
2026-10-07T10:45:45.0913266Z passed buffer-recipe final
2026-10-07T10:45:45.7070772Z passed buffer-recipe add
2026-10-07T10:45:46.1701746Z passed normalization 20 samples with invalid row
2026-10-07T10:45:46.6710811Z passed wb-loading 20 samples with invalid row
2026-10-07T10:45:47.0952290Z passed cfu with efficiency
2026-10-07T10:45:47.5266687Z passed cfu without efficiency
2026-10-07T10:45:48.0175936Z passed virus-titer TCID50
2026-10-07T10:45:48.6267316Z passed wb-loading buffer already contains reducer
2026-10-07T10:45:49.1268224Z passed wb-loading target active reducer
2026-10-07T10:45:49.6977058Z passed transfection dna-single
2026-10-07T10:45:50.2173879Z passed transfection dna-two-tube
2026-10-07T10:45:50.8832576Z passed transfection multi-dna-single
2026-10-07T10:45:51.4199445Z passed transfection multi-dna-two-tube
2026-10-07T10:45:52.0825687Z passed transfection sirna-single
2026-10-07T10:45:52.6366576Z passed transfection sirna-two-tube
2026-10-07T10:45:53.2824716Z passed transfection multi-sirna-single
2026-10-07T10:45:53.8697670Z passed transfection multi-sirna-two-tube
2026-10-07T10:45:54.5135907Z passed transfection shrna-plasmid-single
2026-10-07T10:45:55.0697182Z passed transfection shrna-plasmid-two-tube
2026-10-07T10:45:55.7152278Z passed transfection dna-sirna-single
2026-10-07T10:45:56.3056497Z passed transfection dna-sirna-two-tube
2026-10-07T10:45:56.8520187Z passed transfection each-nm
2026-10-07T10:45:57.4186928Z passed transfection each-pmol
2026-10-07T10:45:57.9684717Z passed transfection total-nm
2026-10-07T10:45:58.5524171Z passed transfection total-pmol
2026-10-07T10:45:59.1023472Z passed transfection mass-ratio
2026-10-07T10:45:59.7033337Z passed transfection molar-ratio
2026-10-07T10:46:00.1787464Z passed master-mix two groups
2026-10-07T10:46:00.3212448Z ##[group]Run actions/upload-artifact@v4
2026-10-07T10:46:00.3212746Z with:
2026-10-07T10:46:00.3212965Z   name: calculator-browser-evidence
2026-10-07T10:46:00.3213915Z   path: docs/calculator/evidence
docs/calculator/v1.1/evidence
docs/calculator/v1.2/evidence
docs/calculator/v1.3/evidence
docs/calculator/ui-consistency-20261007/evidence
docs/calculator/ui-20260915/evidence/modes
calculator-server.log

2026-10-07T10:46:00.3215066Z   if-no-files-found: warn
2026-10-07T10:46:00.3215307Z   compression-level: 6
2026-10-07T10:46:00.3215526Z   overwrite: false
2026-10-07T10:46:00.3215749Z   include-hidden-files: false
2026-10-07T10:46:00.3215987Z env:
2026-10-07T10:46:00.3216176Z   TZ: Asia/Shanghai
2026-10-07T10:46:00.3216678Z   DATABASE_URL: ***localhost:5432/labnest_test
2026-10-07T10:46:00.3217028Z   LABNEST_BUILD_DIR: .next/calculator-production
2026-10-07T10:46:00.3217366Z   LABNEST_TSCONFIG_PATH: tsconfig.calculator.json
2026-10-07T10:46:00.3217747Z   LABNEST_E2E_BASE_URL: http://localhost:3221
2026-10-07T10:46:00.3218049Z ##[endgroup]
2026-10-07T10:46:00.4929546Z (node:14186) [DEP0040] DeprecationWarning: The `punycode` module is deprecated. Please use a userland alternative instead.
2026-10-07T10:46:00.4930473Z (Use `node --trace-deprecation ...` to show where the warning was created)
2026-10-07T10:46:00.7808589Z Multiple search paths detected. Calculating the least common ancestor of all paths
2026-10-07T10:46:00.7811853Z The least common ancestor is /home/runner/work/LabNest/LabNest. This will be the root directory of the artifact
2026-10-07T10:46:00.7812842Z With the provided path, there will be 1785 files uploaded
2026-10-07T10:46:00.7819283Z Artifact name is valid!
2026-10-07T10:46:00.7819796Z Root directory input is valid!
2026-10-07T10:46:01.1394358Z Beginning upload of artifact content to blob storage
2026-10-07T10:46:01.5777733Z (node:14186) [DEP0169] DeprecationWarning: `url.parse()` behavior is not standardized and prone to errors that have security implications. Use the WHATWG URL API instead. CVEs are not issued for `url.parse()` vulnerabilities.
2026-10-07T10:46:02.3051953Z Uploaded bytes 8388608
2026-10-07T10:46:02.5473153Z Uploaded bytes 16777216
2026-10-07T10:46:02.6343816Z Uploaded bytes 25165824
2026-10-07T10:46:02.8839674Z Uploaded bytes 33554432
2026-10-07T10:46:03.2503160Z Uploaded bytes 41943040
2026-10-07T10:46:03.6568699Z Uploaded bytes 50331648
2026-10-07T10:46:04.0318067Z Uploaded bytes 58720256
2026-10-07T10:46:04.4441023Z Uploaded bytes 67108864
2026-10-07T10:46:04.7570446Z Uploaded bytes 75497472
2026-10-07T10:46:05.1596372Z Uploaded bytes 83886080
2026-10-07T10:46:05.5032758Z Uploaded bytes 92274688
2026-10-07T10:46:05.9172630Z Uploaded bytes 100663296
2026-10-07T10:46:06.2240766Z Uploaded bytes 109051904
2026-10-07T10:46:06.5682984Z Uploaded bytes 117440512
2026-10-07T10:46:06.9205498Z Uploaded bytes 125829120
2026-10-07T10:46:07.4385102Z Uploaded bytes 134217728
2026-10-07T10:46:07.6075709Z Uploaded bytes 138988813
2026-10-07T10:46:07.6665105Z Finished uploading artifact content to blob storage!
2026-10-07T10:46:07.6667895Z SHA256 digest of uploaded artifact zip is e5ac5acdbcbc82f6b1fc4087e69177a3ed3db90792ff1235db4f5a493dc835a0
2026-10-07T10:46:07.6670055Z Finalizing artifact upload
2026-10-07T10:46:08.0842472Z Artifact calculator-browser-evidence.zip successfully finalized. Artifact ID 11477580390
2026-10-07T10:46:08.0844174Z Artifact calculator-browser-evidence has been successfully uploaded! Final size is 138988813 bytes. Artifact ID is 11477580390
2026-10-07T10:46:08.0851335Z Artifact download URL: https://github.com/annayzhu/LabNest/actions/runs/37607866601/artifacts/11477580390
2026-10-07T10:46:08.1147791Z Post job cleanup.
2026-10-07T10:46:08.2449212Z (node:14247) [DEP0040] DeprecationWarning: The `punycode` module is deprecated. Please use a userland alternative instead.
2026-10-07T10:46:08.2450523Z (Use `node --trace-deprecation ...` to show where the warning was created)
2026-10-07T10:46:08.2453097Z Cache hit occurred on the primary key node-cache-Linux-x64-npm-599ce8eba8bc112b80696e4236307f21602cd229e6e93ce6767a6d953dd09abb, not saving cache.
2026-10-07T10:46:08.2585820Z Post job cleanup.
2026-10-07T10:46:08.3620249Z [command]/usr/bin/git version
2026-10-07T10:46:08.3674495Z git version 2.55.0
2026-10-07T10:46:08.3740393Z Temporarily overriding HOME='/home/runner/work/_temp/a8ca205a-75d7-42dd-9970-20caa31d64b4' before making global git config changes
2026-10-07T10:46:08.3741915Z Adding repository directory to the temporary git global config as a safe directory
2026-10-07T10:46:08.3742804Z [command]/usr/bin/git config --global --add safe.directory /home/runner/work/LabNest/LabNest
2026-10-07T10:46:08.3791557Z [command]/usr/bin/git config --local --name-only --get-regexp core\.sshCommand
2026-10-07T10:46:08.3838141Z [command]/usr/bin/git submodule foreach --recursive sh -c "git config --local --name-only --get-regexp 'core\.sshCommand' && git config --local --unset-all 'core.sshCommand' || :"
2026-10-07T10:46:08.4132891Z [command]/usr/bin/git config --local --name-only --get-regexp http\.https\:\/\/github\.com\/\.extraheader
2026-10-07T10:46:08.4159914Z http.https://github.com/.extraheader
2026-10-07T10:46:08.4171130Z [command]/usr/bin/git config --local --unset-all http.https://github.com/.extraheader
2026-10-07T10:46:08.4210241Z [command]/usr/bin/git submodule foreach --recursive sh -c "git config --local --name-only --get-regexp 'http\.https\:\/\/github\.com\/\.extraheader' && git config --local --unset-all 'http.https://github.com/.extraheader' || :"
2026-10-07T10:46:08.4500050Z [command]/usr/bin/git config --local --name-only --get-regexp ^includeIf\.gitdir:
2026-10-07T10:46:08.4544252Z [command]/usr/bin/git submodule foreach --recursive git config --local --show-origin --name-only --get-regexp remote.origin.url
2026-10-07T10:46:08.4956318Z Print service container logs: e29192ce25fe4df9ac48691fe72b0745_postgres16_f2dca3
2026-10-07T10:46:08.4961021Z ##[command]/usr/bin/docker logs --details e595d1b8fc82b6e4f54ea907c634d1ecfae3546cd4bb952cfb80c5d35e668d48
2026-10-07T10:46:08.5095638Z  The files belonging to this database system will be owned by user "postgres".
2026-10-07T10:46:08.5096482Z  This user must also own the server process.
2026-10-07T10:46:08.5099617Z  initdb: warning: enabling "trust" authentication for local connections
2026-10-07T10:46:08.5101183Z  initdb: hint: You can change this by editing pg_hba.conf or using the option -A, or --auth-local and --auth-host, the next time you run initdb.
2026-10-07T10:46:08.5102989Z  2026-10-07 10:32:51.919 UTC [1] LOG:  starting PostgreSQL 16.15 (Debian 16.15-1.pgdg13+2) on x86_64-pc-linux-gnu, compiled by gcc (Debian 14.2.0-19) 14.2.0, 64-bit
2026-10-07T10:46:08.5104447Z  2026-10-07 10:32:51.920 UTC [1] LOG:  listening on IPv4 address "0.0.0.0", port 5432
2026-10-07T10:46:08.5105542Z  2026-10-07 10:32:51.920 UTC [1] LOG:  listening on IPv6 address "::", port 5432
2026-10-07T10:46:08.5106082Z  
2026-10-07T10:46:08.5106513Z  The database cluster will be initialized with locale "en_US.utf8".
2026-10-07T10:46:08.5107287Z  The default database encoding has accordingly been set to "UTF8".
2026-10-07T10:46:08.5107966Z  The default text search configuration will be set to "english".
2026-10-07T10:46:08.5108477Z  
2026-10-07T10:46:08.5108789Z  Data page checksums are disabled.
2026-10-07T10:46:08.5109428Z  
2026-10-07T10:46:08.5109921Z  fixing permissions on existing directory /var/lib/postgresql/data ... ok
2026-10-07T10:46:08.5110465Z  creating subdirectories ... ok
2026-10-07T10:46:08.5111025Z  selecting dynamic shared memory implementation ... posix
2026-10-07T10:46:08.5111558Z  selecting default max_connections ... 100
2026-10-07T10:46:08.5112062Z  selecting default shared_buffers ... 128MB
2026-10-07T10:46:08.5112565Z  selecting default time zone ... Etc/UTC
2026-10-07T10:46:08.5113061Z  creating configuration files ... ok
2026-10-07T10:46:08.5113546Z  running bootstrap script ... ok
2026-10-07T10:46:08.5114115Z  performing post-bootstrap initialization ... ok
2026-10-07T10:46:08.5114621Z  syncing data to disk ... ok
2026-10-07T10:46:08.5115043Z  
2026-10-07T10:46:08.5115324Z  
2026-10-07T10:46:08.5115745Z  Success. You can now start the database server using:
2026-10-07T10:46:08.5116228Z  
2026-10-07T10:46:08.5116585Z      pg_ctl -D /var/lib/postgresql/data -l logfile start
2026-10-07T10:46:08.5117258Z  
2026-10-07T10:46:08.5118314Z  waiting for server to start....2026-10-07 10:32:51.610 UTC [48] LOG:  starting PostgreSQL 16.15 (Debian 16.15-1.pgdg13+2) on x86_64-pc-linux-gnu, compiled by gcc (Debian 14.2.0-19) 14.2.0, 64-bit
2026-10-07T10:46:08.5119987Z  2026-10-07 10:32:51.611 UTC [48] LOG:  listening on Unix socket "/var/run/postgresql/.s.PGSQL.5432"
2026-10-07T10:46:08.5121034Z  2026-10-07 10:32:51.920 UTC [1] LOG:  listening on Unix socket "/var/run/postgresql/.s.PGSQL.5432"
2026-10-07T10:46:08.5121666Z  2026-10-07 10:32:51.923 UTC [64] LOG:  database system was shut down at 2026-10-07 10:32:51 UTC
2026-10-07T10:46:08.5122182Z  2026-10-07 10:32:51.927 UTC [1] LOG:  database system is ready to accept connections
2026-10-07T10:46:08.5122629Z  2026-10-07 10:32:56.042 UTC [75] FATAL:  role "root" does not exist
2026-10-07T10:46:08.5123026Z  2026-10-07 10:33:01.105 UTC [83] FATAL:  role "root" does not exist
2026-10-07T10:46:08.5123393Z  2026-10-07 10:33:06.176 UTC [91] FATAL:  role "root" does not exist
2026-10-07T10:46:08.5123779Z  2026-10-07 10:33:11.244 UTC [98] FATAL:  role "root" does not exist
2026-10-07T10:46:08.5124173Z  2026-10-07 10:33:16.310 UTC [106] FATAL:  role "root" does not exist
2026-10-07T10:46:08.5124565Z  2026-10-07 10:33:21.387 UTC [114] FATAL:  role "root" does not exist
2026-10-07T10:46:08.5124934Z  2026-10-07 10:33:26.474 UTC [123] FATAL:  role "root" does not exist
2026-10-07T10:46:08.5125589Z  2026-10-07 10:33:31.554 UTC [131] FATAL:  role "root" does not exist
2026-10-07T10:46:08.5125988Z  2026-10-07 10:33:36.622 UTC [138] FATAL:  role "root" does not exist
2026-10-07T10:46:08.5126362Z  2026-10-07 10:33:41.692 UTC [146] FATAL:  role "root" does not exist
2026-10-07T10:46:08.5126739Z  2026-10-07 10:33:46.758 UTC [154] FATAL:  role "root" does not exist
2026-10-07T10:46:08.5127105Z  2026-10-07 10:33:51.826 UTC [162] FATAL:  role "root" does not exist
2026-10-07T10:46:08.5127473Z  2026-10-07 10:33:56.889 UTC [171] FATAL:  role "root" does not exist
2026-10-07T10:46:08.5127875Z  2026-10-07 10:34:01.955 UTC [179] FATAL:  role "root" does not exist
2026-10-07T10:46:08.5128276Z  2026-10-07 10:34:07.030 UTC [188] FATAL:  role "root" does not exist
2026-10-07T10:46:08.5128642Z  2026-10-07 10:34:12.099 UTC [196] FATAL:  role "root" does not exist
2026-10-07T10:46:08.5129231Z  2026-10-07 10:34:17.163 UTC [204] FATAL:  role "root" does not exist
2026-10-07T10:46:08.5129605Z  2026-10-07 10:34:22.226 UTC [213] FATAL:  role "root" does not exist
2026-10-07T10:46:08.5129989Z  2026-10-07 10:34:27.316 UTC [221] FATAL:  role "root" does not exist
2026-10-07T10:46:08.5130356Z  2026-10-07 10:34:32.381 UTC [229] FATAL:  role "root" does not exist
2026-10-07T10:46:08.5130718Z  2026-10-07 10:34:37.462 UTC [237] FATAL:  role "root" does not exist
2026-10-07T10:46:08.5131088Z  2026-10-07 10:34:42.563 UTC [245] FATAL:  role "root" does not exist
2026-10-07T10:46:08.5131450Z  2026-10-07 10:34:47.656 UTC [253] FATAL:  role "root" does not exist
2026-10-07T10:46:08.5131814Z  2026-10-07 10:34:52.782 UTC [262] FATAL:  role "root" does not exist
2026-10-07T10:46:08.5132182Z  2026-10-07 10:34:57.848 UTC [270] FATAL:  role "root" does not exist
2026-10-07T10:46:08.5132551Z  2026-10-07 10:35:02.924 UTC [278] FATAL:  role "root" does not exist
2026-10-07T10:46:08.5132912Z  2026-10-07 10:35:07.995 UTC [286] FATAL:  role "root" does not exist
2026-10-07T10:46:08.5133280Z  2026-10-07 10:35:13.067 UTC [294] FATAL:  role "root" does not exist
2026-10-07T10:46:08.5133646Z  2026-10-07 10:35:18.134 UTC [302] FATAL:  role "root" does not exist
2026-10-07T10:46:08.5134045Z  2026-10-07 10:35:23.205 UTC [314] FATAL:  role "root" does not exist
2026-10-07T10:46:08.5134423Z  2026-10-07 10:35:28.298 UTC [325] FATAL:  role "root" does not exist
2026-10-07T10:46:08.5134797Z  2026-10-07 10:35:33.377 UTC [333] FATAL:  role "root" does not exist
2026-10-07T10:46:08.5135172Z  2026-10-07 10:35:38.454 UTC [341] FATAL:  role "root" does not exist
2026-10-07T10:46:08.5135541Z  2026-10-07 10:35:43.518 UTC [350] FATAL:  role "root" does not exist
2026-10-07T10:46:08.5136097Z  2026-10-07 10:35:48.592 UTC [358] FATAL:  role "root" does not exist
2026-10-07T10:46:08.5136463Z  2026-10-07 10:35:53.666 UTC [366] FATAL:  role "root" does not exist
2026-10-07T10:46:08.5136831Z  2026-10-07 10:35:58.731 UTC [375] FATAL:  role "root" does not exist
2026-10-07T10:46:08.5137195Z  2026-10-07 10:36:03.804 UTC [392] FATAL:  role "root" does not exist
2026-10-07T10:46:08.5137564Z  2026-10-07 10:36:08.868 UTC [402] FATAL:  role "root" does not exist
2026-10-07T10:46:08.5137970Z  2026-10-07 10:36:13.943 UTC [412] FATAL:  role "root" does not exist
2026-10-07T10:46:08.5138333Z  2026-10-07 10:36:19.020 UTC [420] FATAL:  role "root" does not exist
2026-10-07T10:46:08.5138703Z  2026-10-07 10:36:24.083 UTC [428] FATAL:  role "root" does not exist
2026-10-07T10:46:08.5139264Z  2026-10-07 10:36:29.152 UTC [438] FATAL:  role "root" does not exist
2026-10-07T10:46:08.5139637Z  2026-10-07 10:36:34.216 UTC [446] FATAL:  role "root" does not exist
2026-10-07T10:46:08.5140002Z  2026-10-07 10:36:39.279 UTC [454] FATAL:  role "root" does not exist
2026-10-07T10:46:08.5140380Z  2026-10-07 10:36:44.342 UTC [463] FATAL:  role "root" does not exist
2026-10-07T10:46:08.5140744Z  2026-10-07 10:36:49.420 UTC [471] FATAL:  role "root" does not exist
2026-10-07T10:46:08.5141113Z  2026-10-07 10:36:54.483 UTC [479] FATAL:  role "root" does not exist
2026-10-07T10:46:08.5141480Z  2026-10-07 10:36:59.546 UTC [488] FATAL:  role "root" does not exist
2026-10-07T10:46:08.5141999Z  2026-10-07 10:37:04.624 UTC [496] FATAL:  role "root" does not exist
2026-10-07T10:46:08.5142372Z  2026-10-07 10:37:09.714 UTC [505] FATAL:  role "root" does not exist
2026-10-07T10:46:08.5142736Z  2026-10-07 10:37:14.778 UTC [514] FATAL:  role "root" does not exist
2026-10-07T10:46:08.5143103Z  2026-10-07 10:37:19.842 UTC [522] FATAL:  role "root" does not exist
2026-10-07T10:46:08.5143466Z  2026-10-07 10:37:24.913 UTC [533] FATAL:  role "root" does not exist
2026-10-07T10:46:08.5143833Z  2026-10-07 10:37:29.975 UTC [542] FATAL:  role "root" does not exist
2026-10-07T10:46:08.5144202Z  2026-10-07 10:37:35.039 UTC [550] FATAL:  role "root" does not exist
2026-10-07T10:46:08.5144571Z  2026-10-07 10:37:40.116 UTC [558] FATAL:  role "root" does not exist
2026-10-07T10:46:08.5144935Z  2026-10-07 10:37:45.188 UTC [570] FATAL:  role "root" does not exist
2026-10-07T10:46:08.5145307Z  2026-10-07 10:37:50.265 UTC [584] FATAL:  role "root" does not exist
2026-10-07T10:46:08.5145691Z  2026-10-07 10:37:52.023 UTC [62] LOG:  checkpoint starting: time
2026-10-07T10:46:08.5146082Z  2026-10-07 10:37:55.328 UTC [592] FATAL:  role "root" does not exist
2026-10-07T10:46:08.5146454Z  2026-10-07 10:38:00.418 UTC [608] FATAL:  role "root" does not exist
2026-10-07T10:46:08.5146837Z  2026-10-07 10:38:05.492 UTC [619] FATAL:  role "root" does not exist
2026-10-07T10:46:08.5147236Z  2026-10-07 10:38:10.566 UTC [627] FATAL:  role "root" does not exist
2026-10-07T10:46:08.5147612Z  2026-10-07 10:38:15.645 UTC [636] FATAL:  role "root" does not exist
2026-10-07T10:46:08.5147995Z  2026-10-07 10:38:20.715 UTC [643] FATAL:  role "root" does not exist
2026-10-07T10:46:08.5148364Z  2026-10-07 10:38:25.801 UTC [651] FATAL:  role "root" does not exist
2026-10-07T10:46:08.5148737Z  2026-10-07 10:38:30.872 UTC [660] FATAL:  role "root" does not exist
2026-10-07T10:46:08.5149320Z  2026-10-07 10:38:35.942 UTC [668] FATAL:  role "root" does not exist
2026-10-07T10:46:08.5149705Z  2026-10-07 10:38:41.012 UTC [676] FATAL:  role "root" does not exist
2026-10-07T10:46:08.5150088Z  2026-10-07 10:38:46.083 UTC [685] FATAL:  role "root" does not exist
2026-10-07T10:46:08.5150466Z  2026-10-07 10:38:51.146 UTC [693] FATAL:  role "root" does not exist
2026-10-07T10:46:08.5150837Z  2026-10-07 10:38:56.209 UTC [701] FATAL:  role "root" does not exist
2026-10-07T10:46:08.5151209Z  2026-10-07 10:39:01.290 UTC [711] FATAL:  role "root" does not exist
2026-10-07T10:46:08.5151579Z  2026-10-07 10:39:06.353 UTC [729] FATAL:  role "root" does not exist
2026-10-07T10:46:08.5151955Z  2026-10-07 10:39:11.422 UTC [737] FATAL:  role "root" does not exist
2026-10-07T10:46:08.5152487Z  2026-10-07 10:39:16.487 UTC [746] FATAL:  role "root" does not exist
2026-10-07T10:46:08.5152862Z  2026-10-07 10:39:21.550 UTC [754] FATAL:  role "root" does not exist
2026-10-07T10:46:08.5153233Z  2026-10-07 10:39:26.612 UTC [762] FATAL:  role "root" does not exist
2026-10-07T10:46:08.5153602Z  2026-10-07 10:39:31.675 UTC [771] FATAL:  role "root" does not exist
2026-10-07T10:46:08.5153981Z  2026-10-07 10:39:36.739 UTC [779] FATAL:  role "root" does not exist
2026-10-07T10:46:08.5154348Z  2026-10-07 10:39:41.804 UTC [787] FATAL:  role "root" does not exist
2026-10-07T10:46:08.5154733Z  2026-10-07 10:39:46.876 UTC [796] FATAL:  role "root" does not exist
2026-10-07T10:46:08.5155100Z  2026-10-07 10:39:51.974 UTC [804] FATAL:  role "root" does not exist
2026-10-07T10:46:08.5155471Z  2026-10-07 10:39:57.062 UTC [811] FATAL:  role "root" does not exist
2026-10-07T10:46:08.5155838Z  2026-10-07 10:40:02.153 UTC [819] FATAL:  role "root" does not exist
2026-10-07T10:46:08.5156866Z  2026-10-07 10:40:05.820 UTC [62] LOG:  checkpoint complete: wrote 1338 buffers (8.2%); 0 WAL file(s) added, 0 removed, 0 recycled; write=133.789 s, sync=0.006 s, total=133.797 s; sync files=744, longest=0.002 s, average=0.001 s; distance=7025 kB, estimate=7025 kB; lsn=0/2002620, redo lsn=0/1FFB5E8
2026-10-07T10:46:08.5157872Z  2026-10-07 10:40:07.225 UTC [827] FATAL:  role "root" does not exist
2026-10-07T10:46:08.5158415Z  2026-10-07 10:40:12.296 UTC [838] FATAL:  role "root" does not exist
2026-10-07T10:46:08.5158792Z  2026-10-07 10:40:17.367 UTC [846] FATAL:  role "root" does not exist
2026-10-07T10:46:08.5159360Z  2026-10-07 10:40:22.431 UTC [854] FATAL:  role "root" does not exist
2026-10-07T10:46:08.5159733Z  2026-10-07 10:40:27.507 UTC [863] FATAL:  role "root" does not exist
2026-10-07T10:46:08.5160106Z  2026-10-07 10:40:32.570 UTC [871] FATAL:  role "root" does not exist
2026-10-07T10:46:08.5160476Z  2026-10-07 10:40:37.639 UTC [879] FATAL:  role "root" does not exist
2026-10-07T10:46:08.5160852Z  2026-10-07 10:40:42.711 UTC [888] FATAL:  role "root" does not exist
2026-10-07T10:46:08.5161222Z  2026-10-07 10:40:47.787 UTC [896] FATAL:  role "root" does not exist
2026-10-07T10:46:08.5161590Z  2026-10-07 10:40:52.850 UTC [904] FATAL:  role "root" does not exist
2026-10-07T10:46:08.5161971Z  2026-10-07 10:40:57.920 UTC [913] FATAL:  role "root" does not exist
2026-10-07T10:46:08.5162346Z  2026-10-07 10:41:03.002 UTC [921] FATAL:  role "root" does not exist
2026-10-07T10:46:08.5162721Z  2026-10-07 10:41:08.066 UTC [929] FATAL:  role "root" does not exist
2026-10-07T10:46:08.5163090Z  2026-10-07 10:41:13.139 UTC [938] FATAL:  role "root" does not exist
2026-10-07T10:46:08.5163465Z  2026-10-07 10:41:18.205 UTC [946] FATAL:  role "root" does not exist
2026-10-07T10:46:08.5163839Z  2026-10-07 10:41:23.270 UTC [954] FATAL:  role "root" does not exist
2026-10-07T10:46:08.5164210Z  2026-10-07 10:41:28.344 UTC [963] FATAL:  role "root" does not exist
2026-10-07T10:46:08.5164586Z  2026-10-07 10:41:33.417 UTC [971] FATAL:  role "root" does not exist
2026-10-07T10:46:08.5164961Z  2026-10-07 10:41:38.481 UTC [979] FATAL:  role "root" does not exist
2026-10-07T10:46:08.5165332Z  2026-10-07 10:41:43.547 UTC [988] FATAL:  role "root" does not exist
2026-10-07T10:46:08.5165707Z  2026-10-07 10:41:48.611 UTC [996] FATAL:  role "root" does not exist
2026-10-07T10:46:08.5166088Z  2026-10-07 10:41:53.675 UTC [1004] FATAL:  role "root" does not exist
2026-10-07T10:46:08.5166478Z  2026-10-07 10:41:58.738 UTC [1013] FATAL:  role "root" does not exist
2026-10-07T10:46:08.5166859Z  2026-10-07 10:42:03.801 UTC [1021] FATAL:  role "root" does not exist
2026-10-07T10:46:08.5167229Z  2026-10-07 10:42:08.873 UTC [1029] FATAL:  role "root" does not exist
2026-10-07T10:46:08.5167623Z  2026-10-07 10:42:13.936 UTC [1038] FATAL:  role "root" does not exist
2026-10-07T10:46:08.5168015Z  2026-10-07 10:42:19.008 UTC [1046] FATAL:  role "root" does not exist
2026-10-07T10:46:08.5168401Z  2026-10-07 10:42:24.110 UTC [1054] FATAL:  role "root" does not exist
2026-10-07T10:46:08.5168965Z  2026-10-07 10:42:29.186 UTC [1062] FATAL:  role "root" does not exist
2026-10-07T10:46:08.5169559Z  2026-10-07 10:42:34.263 UTC [1070] FATAL:  role "root" does not exist
2026-10-07T10:46:08.5169932Z  2026-10-07 10:42:39.326 UTC [1078] FATAL:  role "root" does not exist
2026-10-07T10:46:08.5170309Z  2026-10-07 10:42:44.400 UTC [1086] FATAL:  role "root" does not exist
2026-10-07T10:46:08.5170689Z  2026-10-07 10:42:49.471 UTC [1094] FATAL:  role "root" does not exist
2026-10-07T10:46:08.5171077Z  2026-10-07 10:42:52.922 UTC [62] LOG:  checkpoint starting: time
2026-10-07T10:46:08.5171460Z  2026-10-07 10:42:54.536 UTC [1102] FATAL:  role "root" does not exist
2026-10-07T10:46:08.5172418Z  2026-10-07 10:42:55.933 UTC [62] LOG:  checkpoint complete: wrote 31 buffers (0.2%); 0 WAL file(s) added, 0 removed, 1 recycled; write=3.009 s, sync=0.001 s, total=3.012 s; sync files=31, longest=0.001 s, average=0.001 s; distance=37 kB, estimate=6326 kB; lsn=0/2004CA0, redo lsn=0/2004C68
2026-10-07T10:46:08.5173415Z  2026-10-07 10:42:59.600 UTC [1111] FATAL:  role "root" does not exist
2026-10-07T10:46:08.5173801Z  2026-10-07 10:43:04.663 UTC [1119] FATAL:  role "root" does not exist
2026-10-07T10:46:08.5174198Z  2026-10-07 10:43:09.725 UTC [1127] FATAL:  role "root" does not exist
2026-10-07T10:46:08.5174575Z  2026-10-07 10:43:14.799 UTC [1137] FATAL:  role "root" does not exist
2026-10-07T10:46:08.5175092Z  2026-10-07 10:43:19.879 UTC [1146] FATAL:  role "root" does not exist
2026-10-07T10:46:08.5175488Z  2026-10-07 10:43:24.955 UTC [1154] FATAL:  role "root" does not exist
2026-10-07T10:46:08.5175864Z  2026-10-07 10:43:30.029 UTC [1163] FATAL:  role "root" does not exist
2026-10-07T10:46:08.5176234Z  2026-10-07 10:43:35.096 UTC [1171] FATAL:  role "root" does not exist
2026-10-07T10:46:08.5176610Z  2026-10-07 10:43:40.168 UTC [1179] FATAL:  role "root" does not exist
2026-10-07T10:46:08.5176984Z  2026-10-07 10:43:45.237 UTC [1188] FATAL:  role "root" does not exist
2026-10-07T10:46:08.5177368Z  2026-10-07 10:43:50.300 UTC [1196] FATAL:  role "root" does not exist
2026-10-07T10:46:08.5177739Z  2026-10-07 10:43:55.385 UTC [1205] FATAL:  role "root" does not exist
2026-10-07T10:46:08.5178130Z  2026-10-07 10:44:00.465 UTC [1214] FATAL:  role "root" does not exist
2026-10-07T10:46:08.5178503Z  2026-10-07 10:44:05.530 UTC [1222] FATAL:  role "root" does not exist
2026-10-07T10:46:08.5178883Z  2026-10-07 10:44:10.609 UTC [1229] FATAL:  role "root" does not exist
2026-10-07T10:46:08.5179471Z  2026-10-07 10:44:15.692 UTC [1238] FATAL:  role "root" does not exist
2026-10-07T10:46:08.5179851Z  2026-10-07 10:44:20.785 UTC [1245] FATAL:  role "root" does not exist
2026-10-07T10:46:08.5180224Z  2026-10-07 10:44:25.848 UTC [1253] FATAL:  role "root" does not exist
2026-10-07T10:46:08.5180604Z  2026-10-07 10:44:30.920 UTC [1262] FATAL:  role "root" does not exist
2026-10-07T10:46:08.5180975Z  2026-10-07 10:44:35.997 UTC [1270] FATAL:  role "root" does not exist
2026-10-07T10:46:08.5181350Z  2026-10-07 10:44:41.077 UTC [1278] FATAL:  role "root" does not exist
2026-10-07T10:46:08.5181728Z  2026-10-07 10:44:46.149 UTC [1298] FATAL:  role "root" does not exist
2026-10-07T10:46:08.5182100Z  2026-10-07 10:44:51.211 UTC [1306] FATAL:  role "root" does not exist
2026-10-07T10:46:08.5182478Z  2026-10-07 10:44:56.288 UTC [1314] FATAL:  role "root" does not exist
2026-10-07T10:46:08.5182853Z  2026-10-07 10:45:01.367 UTC [1324] FATAL:  role "root" does not exist
2026-10-07T10:46:08.5183231Z  2026-10-07 10:45:06.433 UTC [1334] FATAL:  role "root" does not exist
2026-10-07T10:46:08.5183599Z  2026-10-07 10:45:11.532 UTC [1342] FATAL:  role "root" does not exist
2026-10-07T10:46:08.5183977Z  2026-10-07 10:45:16.628 UTC [1351] FATAL:  role "root" does not exist
2026-10-07T10:46:08.5184356Z  2026-10-07 10:45:21.697 UTC [1366] FATAL:  role "root" does not exist
2026-10-07T10:46:08.5184747Z  2026-10-07 10:45:26.769 UTC [1374] FATAL:  role "root" does not exist
2026-10-07T10:46:08.5185383Z  2026-10-07 10:45:31.857 UTC [1383] FATAL:  role "root" does not exist
2026-10-07T10:46:08.5185765Z  2026-10-07 10:45:36.923 UTC [1391] FATAL:  role "root" does not exist
2026-10-07T10:46:08.5186164Z  2026-10-07 10:45:42.004 UTC [1398] FATAL:  role "root" does not exist
2026-10-07T10:46:08.5186544Z  2026-10-07 10:45:47.076 UTC [1407] FATAL:  role "root" does not exist
2026-10-07T10:46:08.5186925Z  2026-10-07 10:45:52.150 UTC [1415] FATAL:  role "root" does not exist
2026-10-07T10:46:08.5187305Z  2026-10-07 10:45:57.228 UTC [1424] FATAL:  role "root" does not exist
2026-10-07T10:46:08.5187682Z  2026-10-07 10:46:02.305 UTC [1432] FATAL:  role "root" does not exist
2026-10-07T10:46:08.5188052Z  2026-10-07 10:46:07.368 UTC [1440] FATAL:  role "root" does not exist
2026-10-07T10:46:08.5188512Z  2026-10-07 10:32:51.613 UTC [51] LOG:  database system was shut down at 2026-10-07 10:32:51 UTC
2026-10-07T10:46:08.5189221Z  2026-10-07 10:32:51.617 UTC [48] LOG:  database system is ready to accept connections
2026-10-07T10:46:08.5189622Z   done
2026-10-07T10:46:08.5189822Z  server started
2026-10-07T10:46:08.5190041Z  CREATE DATABASE
2026-10-07T10:46:08.5190248Z  
2026-10-07T10:46:08.5190431Z  
2026-10-07T10:46:08.5190762Z  /usr/local/bin/docker-entrypoint.sh: ignoring /docker-entrypoint-initdb.d/*
2026-10-07T10:46:08.5191150Z  
2026-10-07T10:46:08.5191413Z  2026-10-07 10:32:51.796 UTC [48] LOG:  received fast shutdown request
2026-10-07T10:46:08.5192068Z  waiting for server to shut down....2026-10-07 10:32:51.797 UTC [48] LOG:  aborting any active transactions
2026-10-07T10:46:08.5192749Z  2026-10-07 10:32:51.799 UTC [48] LOG:  background worker "logical replication launcher" (PID 54) exited with exit code 1
2026-10-07T10:46:08.5193271Z  2026-10-07 10:32:51.799 UTC [49] LOG:  shutting down
2026-10-07T10:46:08.5193670Z  2026-10-07 10:32:51.799 UTC [49] LOG:  checkpoint starting: shutdown immediate
2026-10-07T10:46:08.5194694Z  2026-10-07 10:32:51.813 UTC [49] LOG:  checkpoint complete: wrote 926 buffers (5.7%); 0 WAL file(s) added, 0 removed, 0 recycled; write=0.012 s, sync=0.002 s, total=0.015 s; sync files=301, longest=0.001 s, average=0.001 s; distance=4273 kB, estimate=4273 kB; lsn=0/191F0F0, redo lsn=0/191F0F0
2026-10-07T10:46:08.5195677Z  2026-10-07 10:32:51.820 UTC [48] LOG:  database system is shut down
2026-10-07T10:46:08.5196008Z   done
2026-10-07T10:46:08.5196211Z  server stopped
2026-10-07T10:46:08.5196417Z  
2026-10-07T10:46:08.5196670Z  PostgreSQL init process complete; ready for start up.
2026-10-07T10:46:08.5196985Z  
2026-10-07T10:46:08.5203694Z Stop and remove container: e29192ce25fe4df9ac48691fe72b0745_postgres16_f2dca3
2026-10-07T10:46:08.5208546Z ##[command]/usr/bin/docker rm --force e595d1b8fc82b6e4f54ea907c634d1ecfae3546cd4bb952cfb80c5d35e668d48
2026-10-07T10:46:08.6413779Z e595d1b8fc82b6e4f54ea907c634d1ecfae3546cd4bb952cfb80c5d35e668d48
2026-10-07T10:46:08.6448414Z Remove container network: github_network_df526188d1fc49a1b3e092ece5777838
2026-10-07T10:46:08.6453021Z ##[command]/usr/bin/docker network rm github_network_df526188d1fc49a1b3e092ece5777838
2026-10-07T10:46:08.7495718Z github_network_df526188d1fc49a1b3e092ece5777838
2026-10-07T10:46:08.7569844Z Cleaning up orphan processes
2026-10-07T10:46:08.7890680Z Terminate orphan process: pid (6630) (node)
2026-10-07T10:46:08.7922327Z Terminate orphan process: pid (6822) (npm run start --port 3221)
2026-10-07T10:46:08.7951055Z Terminate orphan process: pid (6833) (sh)
2026-10-07T10:46:08.7978157Z Terminate orphan process: pid (6834) (next-server (v16.2.10))
2026-10-07T10:46:08.8102594Z ##[warning]Node.js 20 is deprecated. The following actions target Node.js 20 but are being forced to run on Node.js 24: actions/checkout@v4, actions/setup-node@v4, actions/upload-artifact@v4. For more information see: https://github.blog/changelog/2025-09-19-deprecation-of-node-20-on-github-actions-runners/

